miRNA gene family	Seed region	Seed region (RC)
let-7g/let-7i/let-7d/let-7a/let-7b/let-7c/let-7e/let-7f/miR-98	GAGGTAG	CTACCTC
miR-1a-1/miR-1a-2	CATACTT	AAGTATG
miR-15b/miR-195a/miR-15a/miR-16/miR-322/miR-497a	AGCAGCA	TGCTGCT
miR-23b	GGTTCCT	AGGAACC
miR-27b	GAGCTTA	TAAGCTC
miR-29b-1	CTGGTTT	AAACCAG
miR-30a/miR-30b/miR-30e/miR-30c/miR-30d/miR-384	GTAAACA	TGTTTAC
miR-99a/miR-99b/miR-100	ACCCGTA	TACGGGT
miR-101a	CAGTTAT	ATAACTG
miR-124	GTGTTCA	TGAACAC
miR-125a/miR-125b/miR-351	CCCTGAG	CTCAGGG
miR-126a	ATTATTA	TAATAAT
miR-127	TGAAGCT	AGCTTCA
miR-128-1/miR-128-2	GGGGCCG	CGGCCCC
miR-130a	CTCTTTT	AAAAGAG
miR-9	CTTTGGT	ACCAAAG
miR-132	ACCGTGG	CCACGGT
miR-133a	CTGGTAA	TTACCAG
miR-134	GTGACTG	CAGTCAC
miR-135a/miR-135b	ATGGCTT	AAGCCAT
miR-136	CTCCATT	AATGGAG
miR-137	CGGGTAT	ATACCCG
miR-138	GCTGGTG	CACCAGC
miR-140	AGTGGTT	AACCACT
miR-141	ATCTTCC	GGAAGAT
miR-142a	ATAAAGT	ACTTTAT
miR-144	GATATCA	TGATATC
miR-145a	TCCAGTT	AACTGGA
miR-146a/miR-146b	GAGAACT	AGTTCTC
miR-149	CTGGCTC	GAGCCAG
miR-150	CTCCCAA	TTGGGAG
miR-151	CGAGGAG	CTCCTCG
miR-152	AGGTTCT	AGAACCT
miR-153	TCATTTT	AAAATGA
miR-154	AGGTTAT	ATAACCT
miR-155	TAATGCT	AGCATTA
miR-10b/miR-10a	ACCCTGT	ACAGGGT
miR-129	TTTTTGC	GCAAAAA
miR-181a/miR-181b/miR-181c/miR-181d	ACATTCA	TGAATGT
miR-182	TTGGCAA	TTGCCAA
miR-183	ATGGCAC	GTGCCAT
miR-184	CTTATCA	TGATAAG
miR-185	GGAGAGA	TCTCTCC
miR-186	AAAGAAT	ATTCTTT
miR-187	GGCTACA	TGTAGCC
miR-188	ATCCCTT	AAGGGAT
miR-24-1/miR-24-2	TGCCTAC	GTAGGCA
miR-190a/miR-190b	GATATGT	ACATATC
miR-191	AACGGAA	TTCCGTT
miR-193a	GGGTCTT	AAGACCC
miR-194	GTAACAG	CTGTTAC
miR-199a/miR-199b	CCAGTGT	ACACTGG
miR-200b/miR-200a	ATCTTAC	GTAAGAT
miR-201	ACTCAGT	ACTGAGT
miR-202	TCCTATG	CATAGGA
miR-203	GTGGTTC	GAACCAC
miR-204/miR-211	TCCCTTT	AAAGGGA
miR-205	CCTTCAT	ATGAAGG
miR-206	CATGCTT	AAGCATG
miR-122	GGAGTGT	ACACTCC
miR-143	GTGCAGT	ACTGCAC
miR-290a/miR-292a/miR-293	CTCAAAC	GTTTGAG
miR-291a/miR-291b	ATCAAAG	CTTTGAT
miR-294/miR-292b	CTCAAAA	TTTTGAG
miR-295	CTCAAAT	ATTTGAG
miR-296	GGGCCCC	GGGGCCC
miR-297a/miR-297b/miR-297c	TGTATGT	ACATACA
miR-298	GCAGAGG	CCTCTGC
miR-299a	GGTTTAC	GTAAACC
miR-300	TGAAGAG	CTCTTCA
miR-301a/miR-301b	CTCTGAC	GTCAGAG
miR-302a	CTTAAAC	GTTTAAG
miR-34c/miR-34b/miR-34a/miR-449a/miR-449c	GGCAGTG	CACTGCC
miR-106a/miR-106b/miR-20a/miR-93/miR-17/miR-20b	AAAGTGC	GCACTTT
miR-130b	CTCTTTC	GAAAGAG
miR-19b-2/miR-19b-1	GTTTTGC	GCAAAAC
miR-148a/miR-148b	AAGTTCT	AGAACTT
miR-192/miR-215	TGACCTA	TAGGTCA
miR-196a/miR-196b	AGGTAGT	ACTACCT
miR-208a/miR-208b	AGCTTTT	AAAAGCT
miR-18a/miR-18b	AAGGTGC	GCACCTT
miR-21a/miR-590	AGCTTAT	ATAAGCT
miR-22	GTTCTTC	GAAGAAC
miR-23a	GGGTTCC	GGAACCC
miR-26a/miR-26b	TCAAGTA	TACTTGA
miR-29a	CTGATTT	AAATCAG
miR-29c	GACCGAT	ATCGGTC
miR-27a	GGGCTTA	TAAGCCC
miR-31	GGCAAGA	TCTTGCC
miR-92a-2	GGTGGGG	CCCCACC
miR-96/miR-1271	TTGGCAC	GTGCCAA
miR-103-1/miR-103-2/miR-107	GCTTCTT	AAGAAGC
miR-323	GGTGGTC	GACCACC
miR-324	GCATCCC	GGGATGC
miR-325	CTAGTAG	CTACTAG
miR-326/miR-6954	GGGGCAG	CTGCCCC
miR-328/miR-6897	GGGGGCA	TGCCCCC
miR-329	GAGGTTT	AAACCTC
miR-330	CTCTGGG	CCCAGAG
miR-331/miR-6973b	TAGGTAT	ATACCTA
miR-337	GGCGTCA	TGACGCC
miR-338	ACAATAT	ATATTGT
miR-339	CCCTGTC	GACAGGG
miR-340	TATAAAG	CTTTATA
miR-341	GGTCGGC	GCCGACC
miR-342	GGGGTGC	GCACCCC
miR-344/miR-344d-3/miR-344d-1/miR-344b/miR-344c/miR-344g	GTCAGGC	GCCTGAC
miR-345	CTGACCC	GGGTCAG
miR-346	GTCTGCC	GGCAGAC
miR-350	AAGTGCA	TGCACTT
miR-101b	CGGTTAT	ATAACCG
miR-19a	AGTTTTG	CAAAACT
miR-25	GGCGGAG	CTCCGCC
miR-28a/miR-708	AGGAGCT	AGCTCCT
miR-32	ATTGCAC	GTGCAAT
miR-139	CTACAGT	ACTGTAG
miR-200c	GTCTTAC	GTAAGAC
miR-210	GCCACTG	CAGTGGC
miR-212	CCTTGGC	GCCAAGG
miR-214	GCCTGTC	GACAGGC
miR-216a	AATCTCA	TGAGATT
miR-218	TGTGCTT	AAGCACA
miR-219a	GATTGTC	GACAATC
miR-223	GTGTATT	AATACAC
miR-320	CCTTCTC	GAGAAGG
miR-33	TGCATTG	CAATGCA
miR-221	CCTGGCA	TGCCAGG
miR-222	TCAGTAG	CTACTGA
miR-224	AAGTCAC	GTGACTT
miR-29b-2	TGGTTTC	GAAACCA
miR-92a-1	GGTTGGG	CCCAACC
miR-7a/miR-7b	GGAAGAC	GTCTTCC
miR-217	ACTGCAT	ATGCAGT
miR-361	TATCAGA	TCTGATA
miR-362/miR-500	ATCCTTG	CAAGGAT
miR-363	AGGTGGA	TCCACCT
miR-365-1/miR-365-2	GGGACTT	AAGTCCC
miR-375	CGACGAG	CTCGTCG
miR-376a	GTAGATT	AATCTAC
miR-377/miR-672	GAGGTTG	CAACCTC
miR-378a	TCCTGAC	GTCAGGA
miR-379/miR-1193	GGTAGAC	GTCTACC
miR-380	TGGTTGA	TCAACCA
miR-381	GCGAGGT	ACCTCGC
miR-382	AAGTTGT	ACAACTT
miR-383	GATCAGA	TCTGATC
miR-335	CAAGAGC	GCTCTTG
miR-133b	CTGGTCA	TGACCAG
miR-409	GGTTACC	GGTAACC
miR-410/miR-494	GGTTGTC	GACAACC
miR-376b/miR-376c	TGGATAT	ATATCCA
miR-411/miR-7229	AGTAGAC	GTCTACT
miR-412	GGTCGAC	GTCGACC
miR-370	AGGTCAC	GTGACCT
miR-425	ATGACAC	GTGTCAT
miR-431	GTCTTGC	GCAAGAC
miR-433	ACGGTGA	TCACCGT
miR-434	CTCGACT	AGTCGAG
miR-448	AACATCC	GGATGTT
miR-429	TCTTACC	GGTAAGA
miR-450a	TTTGCGA	TCGCAAA
miR-452	GTTTGCA	TGCAAAC
miR-463	ACCTAAT	ATTAGGT
miR-465a/miR-465b/miR-465c/miR-465d	ATTTAGA	TCTAAAT
miR-466a/miR-466e/miR-466p	ATGTGTG	CACACAT
miR-467a	AAGTGCC	GGCACTT
miR-468	ACTGATG	CATCAGT
miR-470	TCTTGGA	TCCAAGA
miR-471	ACGTAGT	ACTACGT
miR-532	ATGCCTT	AAGGCAT
miR-489	GTCATAT	ATATGAC
miR-483	AGACGGG	CCCGTCT
miR-485	GAGGCTG	CAGCCTC
miR-486a/miR-486b	CCTGTAC	GTACAGG
miR-540	AAGGGTC	GACCCTT
miR-543	AGTTGCC	GGCAACT
miR-539	GAGAAAT	ATTTCTC
miR-541	AGGGATT	AATCCCT
miR-542/miR-6966	TCGGGGA	TCCCCGA
miR-547	ACTTGAG	CTCAAGT
miR-367	CTGTTGC	GCAACAG
miR-487b	GGTTATC	GATAACC
miR-369	GATCGAC	GTCGATC
miR-503	AGCAGCG	CGCTGCT
miR-302b/miR-302c/miR-302d	CTTTAAC	GTTAAAG
miR-1224	TGAGGAC	GTCCTCA
miR-1247	CCCGTCC	GGACGGG
miR-675	GGTGCGG	CCGCACC
miR-744	GCGGGGC	GCCCCGC
miR-374b	TATAATA	TATTATA
miR-216b	AATCTCT	AGAGATT
miR-592	TTGTGTC	GACACAA
miR-758/miR-1197	GGTTGAC	GTCAACC
miR-1264	GGTCCTC	GAGGACC
miR-551b	AAATCAA	TTGATTT
miR-1249	GGAGGGA	TCCCTCC
miR-671	GGAAGCC	GGCTTCC
miR-668/miR-467e	TAAGTGT	ACACTTA
miR-1843a	ATGGAGG	CCTCCAT
miR-665	GGGGCCT	AGGCCCC
miR-667	GGTGCTG	CAGCACC
miR-770	GCACCAC	GTGGTGC
miR-3475	AATCATG	CATGATT
miR-802	CAGTAAC	GTTACTG
miR-670	TCCCTGA	TCAGGGA
miR-1298	TCATTCG	CGAATGA
miR-764	GTGCTCA	TGAGCAC
miR-3059/miR-5616	TTCCTCT	AGAGGAA
miR-3058	CAGCCAC	GTGGCTG
miR-3099	CAGCTTC	GAAGCTG
miR-3106	GGCTCAT	ATGAGCC
miR-669a/miR-669f/miR-669l/miR-669p	GTTGTGT	ACACAAC
miR-666	GCGGGCA	TGCCCGC
miR-496a	GGTTGCC	GGCAACC
miR-673	TCACAGC	GCTGTGA
miR-760	CCCTCAG	CTGAGGG
miR-674	CACTGAG	CTCAGTG
miR-344d-2	GTCTGGT	ACCAGAC
miR-488	CCAGATA	TATCTGG
miR-677	TCAGTGA	TCACTGA
miR-423/miR-6921	GAGGGGC	GCCCCTC
miR-679	GACTGTG	CACAGTC
miR-495	AAGTTGC	GCAACTT
miR-693	AGCCACA	TGTGGCT
miR-669b	GTTTTGT	ACAAAAC
miR-467b	TAAGTGC	GCACTTA
miR-669c	TAGTTGT	ACAACTA
miR-499	TAAGACT	AGTCTTA
miR-455	ATGTGCC	GGCACAT
miR-491/miR-7003	GTGGGGA	TCCCCAC
miR-698/miR-7078	GTGGGTG	CACCCAC
miR-700	AAGGCTC	GAGCCTT
miR-701	TAGCCGC	GCGGCTA
miR-702/miR-3102	TGAGTGG	CCACTCA
miR-712	TCCTTCA	TGAAGGA
miR-501	ATCCTTT	AAAGGAT
miR-450b	TTTGCAG	CTGCAAA
miR-505	GGAGCCA	TGGCTCC
miR-652	AACCCTA	TAGGGTT
miR-490	CATGGAT	ATCCATG
miR-676	CTCTACA	TGTAGAG
miR-615	GGGGTCC	GGACCCC
miR-741	ACGTAGA	TCTACGT
miR-742	ACTCACA	TGTGAGT
miR-743a/miR-871	ATTCAGA	TCTGAAT
miR-743b/miR-6948	GTTCAGA	TCTGAAC
miR-879	GAGGCTT	AAGCCTC
miR-880	ACTCAGA	TCTGAGT
miR-881	AGAGAGA	TCTCTCT
miR-883a	GCTGAGA	TCTCAGC
miR-883b	ACTGAGA	TCTCAGT
miR-874	GGCCCCA	TGGGGCC
miR-876	GGATTTC	GAAATCC
miR-147	GGAAACA	TGTTTCC
miR-193b	GGGGTTT	AAACCCC
miR-421	TCATTAA	TTAATGA
miR-466b/miR-466c/miR-466o	GATGTGT	ACACATC
miR-466f	ACGTGTG	CACACGT
miR-466h/miR-669m/miR-466m	GTGTGCA	TGCACAC
miR-467c/miR-467d	AAGTGCG	CGCACTT
miR-493	TGTACAT	ATGTACA
miR-504	GACCCTG	CAGGGTC
miR-509	ACTCCAG	CTGGAGT
miR-574	GAGTGTG	CACACTC
miR-654	GGTAAGC	GCTTACC
miR-92b	GGGACGG	CCGTCCC
miR-466d/miR-466i	GTGTGTG	CACACAC
miR-878	ATCTAGT	ACTAGAT
miR-872	AGGTTAC	GTAACCT
miR-873a	CAGGAAC	GTTCCTG
miR-875	ATACCTC	GAGGTAT
miR-877	TAGAGGA	TCCTCTA
miR-511	TGCCTTT	AAAGGCA
miR-544	CTTGTTA	TAACAAG
miR-598	CGGTGAT	ATCACCG
miR-653	TGTTGAA	TTCAACA
miR-582	TACAGTT	AACTGTA
miR-466l	TGTGTGT	ACACACA
miR-669k	GTGCATG	CATGCAC
miR-669d	CTTGTGT	ACACAAG
miR-1b	ACATACT	AGTATGT
miR-669h	TGCATGG	CCATGCA
miR-1188	GGTGTGA	TCACACC
miR-669e	GTCTTGT	ACAAGAC
miR-1198	ATGTGTT	AACACAT
miR-1199	CTGAGTC	GACTCAG
miR-1897	TTTGGAT	ATCCAAA
miR-1894	TCTCCCC	GGGGAGA
miR-1929	TCTAGGA	TCCTAGA
miR-1930	CCTCCAT	ATGGAGG
miR-1933	GTCATGG	CCATGAC
miR-1934	CTGGTCC	GGACCAG
miR-1941	GGGAGAT	ATCTCCC
miR-1943/miR-6967/miR-7016	AGGGAGG	CCTCCCT
miR-1306	ACCACCT	AGGTGGT
miR-1947	GGACGAG	CTCGTCC
miR-1948	TATGAGT	ACTCATA
miR-669o	AGTTGTG	CACAACT
miR-1955	GTCCCAG	CTGGGAC
miR-1964	GCTGGAG	CTCCAGC
miR-1966	AGGGAGC	GCTCCCT
miR-1968	GCAGCTG	CAGCTGC
miR-1839	AGGTAGA	TCTACCT
miR-1981	TAAAGGC	GCCTTTA
miR-1982	TGGGAGG	CCTCCCA
miR-664	TGGCTGG	CCAGCCA
miR-3057	TTGGAGC	GCTCCAA
miR-1251	CTCTAGC	GCTAGAG
miR-3060	GGAGTGC	GCACTCC
miR-3061	AGTGGGC	GCCCACT
miR-3062	GAGAATG	CATTCTC
miR-3063	GGAGATC	GATCTCC
miR-3064	CTGGCTG	CAGCCAG
miR-3065	CAACAAA	TTTGTTG
miR-3066	TGGTTGC	GCAACCA
miR-3067	GTTCTCA	TGAGAAC
miR-3068	TGGAGTT	AACTCCA
miR-3069	TGGCAGT	ACTGCCA
miR-3070	GCCCCTG	CAGGGGC
miR-3071	CTCATTT	AAATGAG
miR-3072	GGGACCC	GGGTCCC
miR-3073a/miR-3073b	TGGTCAC	GTGACCA
miR-3074	TTCCTGC	GCAGGAA
miR-3075	GTCTGGG	CCCAGAC
miR-3076	ACAGGGG	CCCCTGT
miR-3077	TGCGGAC	GTCCGCA
miR-3078	AAAGCCT	AGGCTTT
miR-3079	TTGATCT	AGATCAA
miR-3080	GAAGCGC	GCGCTTC
miR-3081	ACTGGAG	CTCCAGT
miR-3082	ACAGAGT	ACTCTGT
miR-3083	GGCTGGG	CCCAGCC
miR-3084	TTGAAGG	CCTTCAA
miR-3085	GGTGCCA	TGGCACC
miR-3086	AGATTGT	ACAATCT
miR-466n	TGTGTGC	GCACACA
miR-3087	AGGGCAG	CTGCCCT
miR-3088	CTATGCA	TGCATAG
miR-3089	GAGTTCA	TGAACTC
miR-3090	TCTGGGT	ACCCAGA
miR-3091	ATGGGTC	GACCCAT
miR-3092/miR-7053	GGGGAAA	TTTCCCC
miR-3093	GCACCCC	GGGGTGC
miR-3094	GTTGGGG	CCCCAAC
miR-3095	AGCTTTC	GAAAGCT
miR-3097	ACAGGTG	CACCTGT
miR-3098	CCTAACA	TGTTAGG
miR-3100	TGGGAAC	GTTCCCA
miR-3101	GTACCAT	ATGGTAC
miR-344e/miR-344h	AGGCTTC	GAAGCCT
miR-344f	GTCAGTC	GACTGAC
miR-3102-5p.2	GTGGTGC	GCACCAC
miR-3103/miR-6965/miR-7047/miR-7235	GAGGGAG	CTCCCTC
miR-3104	AGGGGGC	GCCCCCT
miR-3105	GAGCAAG	CTTGCTC
miR-3108	TCTCTAA	TTAGAGA
miR-3109	ATGGATG	CATCCAT
miR-3110	TCTGCCT	AGGCAGA
miR-374c	TAATACA	TGTATTA
miR-3112	CATAGAA	TTCTATG
miR-1912	GCTCATT	AATGAGC
miR-3113	TCCTGGC	GCCAGGA
miR-1843b	TGGAGGT	ACCTCCA
miR-5107	GGGCAGA	TCTGCCC
miR-3572	GGGGAAC	GTTCCCC
miR-5129	TGTGGGG	CCCCACA
miR-5132	CGTGGGG	CCCCACG
miR-5134	TGGCAGA	TCTGCCA
miR-3544	GAAAGGC	GCCTTTC
miR-299b	GTTTACC	GGTAAAC
miR-5615	TTGGTTG	CAACCAA
miR-1231/miR-6905	CTGGGCA	TGCCCAG
miR-5617	TAAGTGA	TCACTTA
miR-5618	ACCCTTT	AAAGGGT
miR-5619	GTCACTA	TAGTGAC
miR-5620/miR-7689	CGAGGCA	TGCCTCG
miR-5621	GGAGGTC	GACCTCC
miR-5622	TCACCAC	GTGGTGA
miR-5623	GGCAGCT	AGCTGCC
miR-5624	ATTGTAA	TTACAAT
miR-5625	CCGGAAG	CTTCCGG
miR-5626	CCCCATC	GATGGGG
miR-5627	GAGGGTG	CACCCTC
miR-5709	TACGCAC	GTGCGTA
miR-6392	CTGGCGC	GCGCCAG
miR-6416	TCCGTAT	ATACGGA
miR-6418	CAGGGGA	TCCCCTG
miR-6516	TTGCAGT	ACTGCAA
miR-6537	TGAGTTT	AAACTCA
miR-6540	TAAGGCA	TGCCTTA
miR-6896	TTGTAGG	CCTACAA
miR-6898	GTAAGGG	CCCTTAC
miR-6899	GCAGAAC	GTTCTGC
miR-6900	GCCAGGA	TCCTGGC
miR-6901	GCAGGAA	TTCCTGC
miR-6902	TCCTCAC	GTGAGGA
miR-6903	TGGGAAA	TTTCCCA
miR-6904/miR-6914	CCTGGGG	CCCCAGG
miR-6906	TGGATGG	CCATCCA
miR-6907/miR-7019	TCTGGGA	TCCCAGA
miR-6908	TGCCTGT	ACAGGCA
miR-6909	AGGGGGG	CCCCCCT
miR-6910	GGGGGTA	TACCCCC
miR-6911/miR-7028/miR-7079/miR-7662	GGGCTGA	TCAGCCC
miR-6912	ACAGGGA	TCCCTGT
miR-6913	GGGAGAC	GTCTCCC
miR-6915	GGTCAGA	TCTGACC
miR-6916/miR-6942	AGGAGGA	TCCTCCT
miR-6917	GTGGAAG	CTTCCAC
miR-6918	GCTGAGG	CCTCAGC
miR-6919	AGGCCAC	GTGGCCT
miR-6920	CACAATG	CATTGTG
miR-6922/miR-6935/miR-6993/miR-7008	GTGGGAG	CTCCCAC
miR-6923	TGAGGGC	GCCCTCA
miR-6924	GAGGATG	CATCCTC
miR-6925	GAGGAAG	CTTCCTC
miR-6926/miR-7055	CAGTGGG	CCCACTG
miR-6927/miR-7070	TGAGGGG	CCCCTCA
miR-6928	GGGGATT	AATCCCC
miR-6929	GGGAGGA	TCCTCCC
miR-6930	AGGGGGT	ACCCCCT
miR-6931	GGGGTGG	CCACCCC
miR-6932	TGTAGGT	ACCTACA
miR-6933	GGCGGCA	TGCCGCC
miR-6934	TGGTGGA	TCCACCA
miR-6936	TGAGCCA	TGGCTCA
miR-6937	AGCTGTA	TACAGCT
miR-6938	TGGAGCT	AGCTCCA
miR-6939	AGGCAGC	GCTGCCT
miR-6940	GGGCTGG	CCAGCCC
miR-6941/miR-7023/miR-7024/miR-7119	TGGGGGA	TCCCCCA
miR-6943	GGGGTGA	TCACCCC
miR-6944	TGAGAGC	GCTCTCA
miR-6945	CCTGGGA	TCCCAGG
miR-6946	AAAGGGA	TCCCTTT
miR-6947	ATCCAGT	ACTGGAT
miR-6949	AAGTGGG	CCCACTT
miR-6950	CCTGGAG	CTCCAGG
miR-6951	TGTATTT	AAATACA
miR-6952	TGGTGGG	CCCACCA
miR-6953	AGGGGCA	TGCCCCT
miR-6955	GGGCCTC	GAGGCCC
miR-6956	GAGTGGG	CCCACTC
miR-6957/miR-12188	AGAAGAG	CTCTTCT
miR-6958	TGGGAGA	TCTCCCA
miR-6959	GGGAAAC	GTTTCCC
miR-6960/miR-7093	AGGATGA	TCATCCT
miR-6961	GACTGGG	CCCAGTC
miR-6962	AGGACCT	AGGTCCT
miR-6963/miR-7656	GTGGGAT	ATCCCAC
miR-6964	TGGGGTG	CACCCCA
miR-3547	TGGGAAG	CTTCCCA
miR-6968	GGGGGCG	CGCCCCC
miR-6969	AGCAGAG	CTCTGCT
miR-6970	TAAGTTC	GAACTTA
miR-6971	GGGGGAG	CTCCCCC
miR-6972	CTGGAGG	CCTCCAG
miR-6973a	ACGGTGG	CCACCGT
miR-6974	TGAGGCA	TGCCTCA
miR-6975/miR-7005	CTGGGGA	TCCCCAG
miR-6976/miR-7665	AGGGAAG	CTTCCCT
miR-6977	TGAGGCG	CGCCTCA
miR-6978	AGGGGTG	CACCCCT
miR-6979	GGGAGGC	GCCTCCC
miR-6980	TGGGGGG	CCCCCCA
miR-6981	TGAGGAG	CTCCTCA
miR-6982	TGGAGGA	TCCTCCA
miR-6983	TGGAAGG	CCTTCCA
miR-6984	CTGAAAG	CTTTCAG
miR-6985	ACTGAGG	CCTCAGT
miR-6986	GGGGAGC	GCTCCCC
miR-6987	GGGACAG	CTGTCCC
miR-6988	GGGTGGA	TCCACCC
miR-6989	TGGGGAC	GTCCCCA
miR-6990/miR-7032	CCAGGGT	ACCCTGG
miR-6991	GGAGAAC	GTTCTCC
miR-6992	GCCTGTG	CACAGGC
miR-6994	CAAAGGT	ACCTTTG
miR-6995	TGGGAGT	ACTCCCA
miR-6996	GCACAGG	CCTGTGC
miR-6997	AACAGGC	GCCTGTT
miR-6998	TGGGCAG	CTGCCCA
miR-6999/miR-7054	AGGAAGG	CCTTCCT
miR-7000	GGGGACA	TGTCCCC
miR-7001	GGCAGGG	CCCTGCC
miR-7002	TGGCTTC	GAAGCCA
miR-7004	TCCGTGG	CCACGGA
miR-7006	GGGGGTG	CACCCCC
miR-7007	CAGAAGA	TCTTCTG
miR-7009	TGGGGTC	GACCCCA
miR-7010/miR-7027	GGAAAGG	CCTTTCC
miR-7011	GGAGGAT	ATCCTCC
miR-7012/miR-7057	AGGAGAG	CTCTCCT
miR-7013	ATGAAGA	TCTTCAT
miR-7014	TGGGTGC	GCACCCA
miR-7015	CTGTGCA	TGCACAG
miR-7017	GAGGGTT	AACCCTC
miR-7018	TGAGCAG	CTGCTCA
miR-7020	GGGATGG	CCATCCC
miR-7021	TAGGAGT	ACTCCTA
miR-7022	CTGGCAA	TTGCCAG
miR-7025/miR-7220	GTGAGCT	AGCTCAC
miR-7026	TCTGAGA	TCTCAGA
miR-7029	CTGGACG	CGTCCAG
miR-7030/miR-7075/miR-7076	GGGGAGG	CCTCCCC
miR-7031	CTGAGAG	CTCTCAG
miR-7033	CTCCAGG	CCTGGAG
miR-7034/miR-7071	CCGGGAG	CTCCCGG
miR-7035	GCTGGGA	TCCCAGC
miR-7036a	GCGGGGT	ACCCCGC
miR-7037	AGGTGGC	GCCACCT
miR-7038	GTAGAAG	CTTCTAC
miR-7039	GAGGGAT	ATCCCTC
miR-7040	ATACGGA	TCCGTAT
miR-7041	GAGGGAA	TTCCCTC
miR-7042	AGAGACA	TGTCTCT
miR-7043	GTGAAAG	CTTTCAC
miR-7044	TGTGGTG	CACCACA
miR-7045	GCGGGTG	CACCCGC
miR-7046	GTAGGGT	ACCCTAC
miR-7048	GGGGCTG	CAGCCCC
miR-7049	CTGAAGG	CCTTCAG
miR-7050	CAGGAGA	TCTCCTG
miR-7051	CACCAGG	CCTGGTG
miR-7052	GTGGGAA	TTCCCAC
miR-7056	GTGGAGG	CCTCCAC
miR-7058	AGAGGGG	CCCCTCT
miR-7059	CCGGGGA	TCCCCGG
miR-7060	TGAGTGC	GCACTCA
miR-7061	ATGGAAA	TTTCCAT
miR-7062	GGAGGCC	GGCCTCC
miR-7063	TGAGAGG	CCTCTCA
miR-7064	CAGAGGC	GCCTCTG
miR-7065	GTGTAGC	GCTACAC
miR-7066	GGGTTGG	CCAACCC
miR-7067	GCAGGGG	CCCCTGC
miR-6769b	CTGGTGG	CCACCAG
miR-7068	TGAGGCT	AGCCTCA
miR-7069	TGGGGGC	GCCCCCA
miR-7072	AGGGGAG	CTCCCCT
miR-7073	GGGGGAA	TTCCCCC
miR-7074	GGGAAGA	TCTTCCC
miR-7077	GCCAAGG	CCTTGGC
miR-7080	TAGGAGC	GCTCCTA
miR-7081	GAGGAGG	CCTCCTC
miR-7082	ACGGGCA	TGCCCGT
miR-7083	CGGGGCT	AGCCCCG
miR-7084	AGAGGAT	ATCCTCT
miR-7085	AGTGGGG	CCCCACT
miR-7086	AGAGGAG	CTCCTCT
miR-7087	GGCAGGT	ACCTGCC
miR-7088	CAAGTGG	CCACTTG
miR-7089	CGTGGGA	TCCCACG
miR-7090	CTCAGAG	CTCTGAG
miR-7091	TAGGGGT	ACCCCTA
miR-7092	AAGGCAA	TTGCCTT
miR-7094-1	CTGAAGA	TCTTCAG
miR-7094b-2	CTGGAGA	TCTCCAG
miR-7115	CGGGGGT	ACCCCCG
miR-7116	GAAGACA	TGTCTTC
miR-7117/miR-7212	CTGGGGG	CCCCCAG
miR-7118	GGGGAAG	CTTCCCC
miR-7210	AACATTG	CAATGTT
miR-7211	CTTTCCC	GGGAAAG
miR-7213	CTGGGTC	GACCCAG
miR-7214	GTTTTCT	AGAAAAC
miR-7215	CTCTTTA	TAAAGAG
miR-7216	GGAGAGC	GCTCTCC
miR-7217	ACTTGTA	TACAAGT
miR-7218	GCAGGGT	ACCCTGC
miR-7219	GTGTTAG	CTAACAC
miR-7221	GTCTCTT	AAGAGAC
miR-7222	GCACTTG	CAAGTGC
miR-7223	AGCTTTG	CAAAGCT
miR-7224	GGTAGGC	GCCTACC
miR-7225	CGTAGAC	GTCTACG
miR-7226	CCAGGGA	TCCCTGG
miR-7227	CTGATGA	TCATCAG
miR-7228	GGCGACC	GGTCGCC
miR-7230	GACTGCT	AGCAGTC
miR-7231	TGGGGAA	TTCCCCA
miR-7232	ACATGGA	TCCATGT
miR-7233	GTTAGGG	CCCTAAC
miR-7234	TGTTTTC	GAAAACA
miR-7236	CTAAAAC	GTTTTAG
miR-7237	TGGTAGC	GCTACCA
miR-7238	TGCGGAT	ATCCGCA
miR-7239	CCATCCT	AGGATGG
miR-7240	TGGAGAG	CTCTCCA
miR-7241	CTTGCAT	ATGCAAG
miR-7242	TTGGGCT	AGCCCAA
miR-6546	GGCGCCT	AGGCGCC
miR-7646	CAAGAGA	TCTCTTG
miR-7647	ACTACCA	TGGTAGT
miR-7648	CGCGTTC	GAACGCG
miR-7649	GACAGCA	TGCTGTC
miR-7650	ATCCTCT	AGAGGAT
miR-7651	AGTGGAA	TTCCACT
miR-219b	GATGTCC	GGACATC
miR-7036b	CGCGGGG	CCCCGCG
miR-7652	AAGGGCA	TGCCCTT
miR-7653	AAGGGGC	GCCCCTT
miR-7654	GAGTCGC	GCGACTC
miR-7655	GGCCCAC	GTGGGCC
miR-7657	ATAGTTG	CAACTAT
miR-7658	GTGGGCG	CGCCCAC
miR-7659	GGAGCCG	CGGCTCC
miR-7660	TTGCCCT	AGGGCAA
miR-7661	AGAAAGA	TCTTTCT
miR-7663	CTGCTTG	CAAGCAG
miR-7664	AGTTTAC	GTAAACT
miR-7666	TAGCCCG	CGGGCTA
miR-7667	AGCCATC	GATGGCT
miR-7668	ACTCTGA	TCAGAGT
miR-7669	GTACCAC	GTGGTAC
miR-7670	TTCAGAT	ATCTGAA
miR-7671	GGCTCCG	CGGAGCC
miR-7672	GGTGGAC	GTCCACC
miR-7673	TTGACTG	CAGTCAA
miR-3569	CGGAGGA	TCCTCCG
miR-7674	GAGGTGT	ACACCTC
miR-7675	TTACGAA	TTCGTAA
miR-7676	GGGCAGT	ACTGCCC
miR-129b	CTTTTTG	CAAAAAG
miR-1191b	CAGGCTA	TAGCCTG
miR-7677	GTGGTGA	TCACCAC
miR-7678	TACAAGG	CCTTGTA
miR-7679	GGCTGGC	GCCAGCC
miR-7680	TTCCAGT	ACTGGAA
miR-6715	CAGGCAC	GTGCCTG
miR-3620	TGTGGGC	GCCCACA
miR-7681	TCCTGTC	GACAGGA
miR-7682	GGCACGA	TCGTGCC
miR-7683	TCCGTGT	ACACGGA
miR-216c	AAGAATC	GATTCTT
miR-7684	CTGGGAA	TTCCCAG
miR-219c	GACGTCC	GGACGTC
miR-126b	TTATTAC	GTAATAA
miR-7685	CCTTCCG	CGGAAGG
miR-7686	CTTCCAC	GTGGAAG
miR-290b	CTTAAAA	TTTTAAG
miR-7687	GGCGGGG	CCCCGCC
miR-1258	GCTGAGC	GCTCAGC
miR-7688	AGCTGGG	CCCAGCT
miR-7243	GCTGTCA	TGACAGC
miR-3618	GTGATTT	AAATCAC
miR-9768	GGCACTC	GAGTGCC
miR-9769	GGCACAG	CTGTGCC
miR-1911	GAGTACA	TGTACTC
miR-5104b	GGGCCAT	ATGGCCC
miR-12178	ATGGGTG	CACCCAT
miR-12179	CTCTGTC	GACAGAG
miR-12181	TGAGGGT	ACCCTCA
miR-12182	CAGCGCC	GGCGCTG
miR-12183	CTTCTTC	GAAGAAG
miR-203b	GTGGTCC	GGACCAC
miR-12184	TTGCATG	CATGCAA
miR-9b	TCGGTTA	TAACCGA
miR-12185	TTGGGGG	CCCCCAA
miR-12186	GGGACTC	GAGTCCC
miR-12187	AAGGGGA	TCCCCTT
miR-1970b	ATGTCAC	GTGACAT
miR-3083b	AGGCTGG	CCAGCCT
miR-12191	CCGTGGG	CCCACGG
miR-122b	TTAGTGT	ACACTAA
miR-12192	GTGGGGT	ACCCCAC
miR-12193	GGGTGAC	GTCACCC
miR-12195	GGGTATA	TATACCC
miR-3473h	AGGGGCT	AGCCCCT
miR-12196	CCTTTCT	AGAAAGG
miR-12200	AACAAAC	GTTTGTT
miR-12201	GGAAGGA	TCCTTCC
miR-12202	GGTGCCT	AGGCACC
miR-12203	GCCGGAG	CTCCGGC
miR-12204	TGAGTCT	AGACTCA
miR-1970c	GTGTCAC	GTGACAC
miR-12205	GTGTTTC	GAAACAC
miR-12206	ACTATGC	GCATAGT
