"miRNA gene family"	"Seed region"	"Seed region (RC)"
"let-7/miR-98"	"['GAGGTAG']"	"['CTACCTC']"
"miR-1/206"	"['GGAATGT']"	"['ACATTCC']"
"miR-7"	"['GGAAGAC']"	"['GTCTTCC']"
"miR-9"	"['CTTTGGT']"	"['ACCAAAG']"
"miR-10"	"['ACCCTGT']"	"['ACAGGGT']"
"miR-22"	"['AGCTGCC']"	"['GGCAGCT']"
"miR-25/32/92/363/367"	"['ATTGCAC']"	"['GTGCAAT']"
"miR-29"	"['AGCACCA']"	"['TGGTGCT']"
"miR-31"	"['GGCAAGA']"	"['TCTTGCC']"
"miR-33"	"['TGCATTG']"	"['CAATGCA']"
"miR-34/449"	"['GGCAGTG']"	"['CACTGCC']"
"miR-96/1271"	"['TTGGCAC']"	"['GTGCCAA']"
"miR-99/100"	"['ACCCGTA']"	"['TACGGGT']"
"miR-124"	"['AAGGCAC', 'TAAGGCA']"	"['GTGCCTT', 'TGCCTTA']"
"miR-125"	"['CCCTGAG']"	"['CTCAGGG']"
"miR-133"	"['TGGTCCC', 'TTGGTCC']"	"['GGGACCA', 'GGACCAA']"
"miR-153"	"['TGCATAG']"	"['CTATGCA']"
"miR-183"	"['ATGGCAC', 'TGGCACT']"	"['GTGCCAT', 'AGTGCCA']"
"miR-184"	"['GGACGGA']"	"['TCCGTCC']"
"miR-190"	"['GATATGT']"	"['ACATATC']"
"miR-193"	"['GGGTCTT', 'ACTGGCC']"	"['AAGACCC', 'GGCCAGT']"
"miR-200bc/429"	"['AATACTG']"	"['CAGTATT']"
"miR-210"	"['TGTGCGT']"	"['ACGCACA']"
"miR-216a"	"['AATCTCA']"	"['TGAGATT']"
"miR-219"	"['GATTGTC']"	"['GACAATC']"
"miR-365"	"['AATGCCC']"	"['GGGCATT']"
"miR-375"	"['TTGTTCG']"	"['CGAACAA']"
"miR-103/107"	"['GCAGCAT']"	"['ATGCTGC']"
"miR-129"	"['TTTTTGC', 'AGCCCTT']"	"['GCAAAAA', 'AAGGGCT']"
"miR-135"	"['ATGGCTT']"	"['AAGCCAT']"
"miR-182"	"['TTGGCAA']"	"['TTGCCAA']"
"miR-217"	"['ACTGCAT']"	"['ATGCAGT']"
"miR-15/16/195/424/497"	"['AGCAGCA']"	"['TGCTGCT']"
"miR-126"	"['CGTACCG', 'GTACCGT']"	"['CGGTACG', 'ACGGTAC']"
"miR-196"	"['AGGTAGT']"	"['ACTACCT']"
"miR-17/20/93/106/519d"	"['AAAGTGC']"	"['GCACTTT']"
"miR-18"	"['AAGGTGC']"	"['GCACCTT']"
"miR-19"	"['GTGCAAA']"	"['TTTGCAC']"
"miR-21/590"	"['AGCTTAT']"	"['ATAAGCT']"
"miR-23"	"['TCACATT']"	"['AATGTGA']"
"miR-24"	"['GGCTCAG']"	"['CTGAGCC']"
"miR-26"	"['TCAAGTA']"	"['TACTTGA']"
"miR-27"	"['TCACAGT']"	"['ACTGTGA']"
"miR-30"	"['GTAAACA']"	"['TGTTTAC']"
"miR-122"	"['GGAGTGT']"	"['ACACTCC']"
"miR-128"	"['CACAGTG']"	"['CACTGTG']"
"miR-130/301/454"	"['AGTGCAA']"	"['TTGCACT']"
"miR-132/212"	"['AACAGTC']"	"['GACTGTT']"
"miR-137"	"['TATTGCT']"	"['AGCAATA']"
"miR-138"	"['GCTGGTG']"	"['CACCAGC']"
"miR-140"	"['AGTGGTT', 'CCACAGG', 'ACCACAG']"	"['AACCACT', 'CCTGTGG', 'CTGTGGT']"
"miR-141/200a"	"['AACACTG']"	"['CAGTGTT']"
"miR-142"	"['ATAAAGT', 'GTAGTGT', 'TAGTGTT']"	"['ACTTTAT', 'ACACTAC', 'AACACTA']"
"miR-143"	"['GAGATGA']"	"['TCATCTC']"
"miR-144"	"['ACAGTAT']"	"['ATACTGT']"
"miR-145"	"['TCCAGTT']"	"['AACTGGA']"
"miR-146"	"['GAGAACT']"	"['AGTTCTC']"
"miR-147"	"['TGTGCGG']"	"['CCGCACA']"
"miR-148/152"	"['CAGTGCA']"	"['TGCACTG']"
"miR-155"	"['TAATGCT']"	"['AGCATTA']"
"miR-181"	"['ACATTCA']"	"['TGAATGT']"
"miR-192/215"	"['TGACCTA']"	"['TAGGTCA']"
"miR-194"	"['GTAACAG']"	"['CTGTTAC']"
"miR-199"	"['CCAGTGT', 'CAGTAGT']"	"['ACACTGG', 'ACTACTG']"
"miR-202"	"['TCCTATG']"	"['CATAGGA']"
"miR-203a"	"['TGAAATG', 'GAAATGT']"	"['CATTTCA', 'ACATTTC']"
"miR-204/211"	"['TCCCTTT']"	"['AAAGGGA']"
"miR-205"	"['CCTTCAT']"	"['ATGAAGG']"
"miR-208"	"['TAAGACG']"	"['CGTCTTA']"
"miR-216b"	"['AATCTCT']"	"['AGAGATT']"
"miR-218"	"['TGTGCTT']"	"['AAGCACA']"
"miR-221/222"	"['GCTACAT']"	"['ATGTAGC']"
"miR-302abd"	"['AAGTGCT']"	"['AGCACTT']"
"miR-302c"	"['AGTGCTT']"	"['AAGCACT']"
"miR-338"	"['CCAGCAT']"	"['ATGCTGG']"
"miR-455"	"['ATGTGCC', 'CAGTCCA', 'TGCAGTC']"	"['GGCACAT', 'TGGACTG', 'GACTGCA']"
"miR-499"	"['TAAGACT']"	"['AGTCTTA']"
"miR-551"	"['CGACCCA']"	"['TGGGTCG']"
"miR-802"	"['CAGTAAC']"	"['GTTACTG']"
"miR-1306"	"['CACCTCC']"	"['GGAGGTG']"
"miR-101"	"['ACAGTAC', 'TACAGTA']"	"['GTACTGT', 'TACTGTA']"
"miR-139"	"['CTACAGT']"	"['ACTGTAG']"
"miR-150"	"['CTCCCAA']"	"['TTGGGAG']"
"miR-191"	"['AACGGAA']"	"['TTCCGTT']"
"miR-214"	"['GCCTGTC']"	"['GACAGGC']"
"miR-223"	"['GTCAGTT']"	"['AACTGAC']"
"miR-425"	"['ATGACAC']"	"['GTGTCAT']"
"miR-187"	"['CGTGTCT']"	"['AGACACG']"
"miR-489"	"['TGACATC']"	"['GATGTCA']"
"miR-490"	"['AACCTGG']"	"['CCAGGTT']"
"miR-383"	"['GATCAGA', 'AGATCAG']"	"['TCTGATC', 'CTGATCT']"
"miR-186"	"['AAAGAAT']"	"['ATTCTTT']"
"miR-325"	"['TTATTGA']"	"['TCAATAA']"
"miR-873"	"['CAGGAAC', 'GCAGGAA']"	"['GTTCCTG', 'TTCCTGC']"
"miR-340"	"['TATAAAG']"	"['CTTTATA']"
"miR-1251"	"['CTCTAGC']"	"['GCTAGAG']"
"miR-28/708"	"['AGGAGCT']"	"['AGCTCCT']"
"miR-127"	"['CGGATCC']"	"['GGATCCG']"
"miR-134"	"['GTGACTG']"	"['CAGTCAC']"
"miR-136"	"['CTCCATT']"	"['AATGGAG']"
"miR-149"	"['CTGGCTC']"	"['GAGCCAG']"
"miR-151a"	"['CGAGGAG', 'TAGACTG']"	"['CTCCTCG', 'CAGTCTA']"
"miR-154"	"['AGGTTAT', 'ATCATAC']"	"['ATAACCT', 'GTATGAT']"
"miR-185"	"['GGAGAGA']"	"['TCTCTCC']"
"miR-188"	"['ATCCCTT']"	"['AAGGGAT']"
"miR-224"	"['AAGTCAC']"	"['GTGACTT']"
"miR-296"	"['GGGCCCC', 'AGGGTTG']"	"['GGGGCCC', 'CAACCCT']"
"miR-299"	"['GGTTTAC', 'ATGTGGG']"	"['GTAAACC', 'CCCACAT']"
"miR-323a"	"['ACATTAC']"	"['GTAATGT']"
"miR-324"	"['GCATCCC']"	"['GGGATGC']"
"miR-328"	"['TGGCCCT']"	"['AGGGCCA']"
"miR-329/362"	"['ATCCTTG', 'ACACACC']"	"['CAAGGAT', 'GGTGTGT']"
"miR-330"	"['CTCTGGG', 'CAAAGCA', 'AAAGCAC']"	"['CCCAGAG', 'TGCTTTG', 'GTGCTTT']"
"miR-331"	"['CCCCTGG']"	"['CCAGGGG']"
"miR-335"	"['CAAGAGC']"	"['GCTCTTG']"
"miR-339"	"['CCCTGTC']"	"['GACAGGG']"
"miR-342"	"['CTCACAC']"	"['GTGTGAG']"
"miR-346"	"['GTCTGCC']"	"['GGCAGAC']"
"miR-361"	"['TATCAGA']"	"['TCTGATA']"
"miR-369"	"['ATAATAC']"	"['GTATTAT']"
"miR-371/290"	"['CTCAAAC']"	"['GTTTGAG']"
"miR-374"	"['TATAATA']"	"['TATTATA']"
"miR-376ab"	"['TCATAGA']"	"['TCTATGA']"
"miR-376c"	"['ACATAGA']"	"['TCTATGT']"
"miR-377"	"['TCACACA']"	"['TGTGTGA']"
"miR-378a"	"['CTGGACT']"	"['AGTCCAG']"
"miR-379"	"['GGTAGAC', 'ATGTAAC']"	"['GTCTACC', 'GTTACAT']"
"miR-381"	"['ATACAAG']"	"['CTTGTAT']"
"miR-382"	"['AAGTTGT', 'ATCATTC']"	"['ACAACTT', 'GAATGAT']"
"miR-409"	"['GGTTACC', 'AATGTTG']"	"['GGTAACC', 'CAACATT']"
"miR-410"	"['ATATAAC']"	"['GTTATAT']"
"miR-411"	"['AGTAGAC', 'TAGTAGA']"	"['GTCTACT', 'TCTACTA']"
"miR-412"	"['GGTCGAC']"	"['GTCGACC']"
"miR-421"	"['TCAACAG']"	"['CTGTTGA']"
"miR-423"	"['GAGGGGC', 'GCTCGGT']"	"['GCCCCTC', 'ACCGAGC']"
"miR-431"	"['GTCTTGC']"	"['GCAAGAC']"
"miR-433"	"['TCATGAT']"	"['ATCATGA']"
"miR-448"	"['TGCATAT']"	"['ATATGCA']"
"miR-450a"	"['TTTGCGA']"	"['TCGCAAA']"
"miR-452"	"['ACTGTTT']"	"['AAACAGT']"
"miR-483"	"['ACTCCTC', 'CACTCCT']"	"['GAGGAGT', 'AGGAGTG']"
"miR-485"	"['GAGGCTG']"	"['CAGCCTC']"
"miR-486"	"['CCTGTAC']"	"['GTACAGG']"
"miR-487b"	"['ATCGTAC']"	"['GTACGAT']"
"miR-488"	"['TGAAAGG']"	"['CCTTTCA']"
"miR-491"	"['GTGGGGA']"	"['TCCCCAC']"
"miR-493"	"['TGTACAT', 'GAAGGTC']"	"['ATGTACA', 'GACCTTC']"
"miR-494"	"['GAAACAT']"	"['ATGTTTC']"
"miR-495"	"['AACAAAC']"	"['GTTTGTT']"
"miR-496"	"['GAGTATT', 'GTATTAC']"	"['AATACTC', 'GTAATAC']"
"miR-501/502"	"['ATGCACC']"	"['GGTGCAT']"
"miR-503"	"['AGCAGCG']"	"['CGCTGCT']"
"miR-504"	"['ACCCTGG']"	"['CCAGGGT']"
"miR-505"	"['GTCAACA', 'TCAACAC']"	"['TGTTGAC', 'GTGTTGA']"
"miR-532"	"['ATGCCTT', 'CTCCCAC']"	"['AAGGCAT', 'GTGGGAG']"
"miR-539"	"['TCATACA']"	"['TGTATGA']"
"miR-542"	"['GTGACAG']"	"['CTGTCAC']"
"miR-543"	"['AACATTC']"	"['GAATGTT']"
"miR-544a"	"['CTTGTTA']"	"['TAACAAG']"
"miR-582"	"['TACAGTT']"	"['AACTGTA']"
"miR-615"	"['CCGAGCC']"	"['GGCTCGG']"
"miR-652"	"['ATGGCGC']"	"['GCGCCAT']"
"miR-653"	"['TGAAACA']"	"['TGTTTCA']"
"miR-655"	"['TAATACA']"	"['TGTATTA']"
"miR-665"	"['CCAGGAG']"	"['CTCCTGG']"
"miR-668"	"['GTCACTC']"	"['GAGTGAC']"
"miR-670"	"['TTCCTCA']"	"['TGAGGAA']"
"miR-744"	"['GCGGGGC']"	"['GCCCCGC']"
"miR-758"	"['TTGTGAC']"	"['GTCACAA']"
"miR-760"	"['GGCTCTG']"	"['CAGAGCC']"
"miR-874"	"['TGCCCTG']"	"['CAGGGCA']"
"miR-875"	"['ATACCTC']"	"['GAGGTAT']"
"miR-876"	"['GGATTTC']"	"['GAAATCC']"
"miR-1193"	"['AGGTCAC']"	"['GTGACCT']"
"miR-1197"	"['AGGACAC']"	"['GTGTCCT']"
"miR-1249"	"['CGCCCTT']"	"['AAGGGCG']"
"miR-1298"	"['TCATTCG']"	"['CGAATGA']"
