Type	Shape	Chr	Start	End	color
Repeats w/o cCREs	circle	10	100146768	100146986	6600ff
Repeats w/o cCREs	circle	10	100506520	100506647	6600ff
Repeats w/o cCREs	circle	10	103891292	103891449	6600ff
Repeats w/o cCREs	circle	10	105197605	105197747	6600ff
Repeats w/o cCREs	circle	10	105339494	105339627	6600ff
Repeats w/o cCREs	circle	10	105929911	105930035	6600ff
Repeats w/o cCREs	circle	10	10612194	10612422	6600ff
Repeats w/o cCREs	circle	10	107063478	107063660	6600ff
Repeats w/o cCREs	circle	10	112689182	112689365	6600ff
Repeats w/o cCREs	circle	10	113559701	113559927	6600ff
Repeats w/o cCREs	circle	10	118252038	118252166	6600ff
Repeats w/o cCREs	circle	10	127547922	127548139	6600ff
Repeats w/o cCREs	circle	10	129988733	129988868	6600ff
Repeats w/o cCREs	circle	10	13884998	13885134	6600ff
Repeats w/o cCREs	circle	10	14295947	14296042	6600ff
Repeats w/o cCREs	circle	10	16785123	16785238	6600ff
Repeats w/o cCREs	circle	10	18149204	18149337	6600ff
Repeats w/o cCREs	circle	10	21036688	21036849	6600ff
Repeats w/o cCREs	circle	10	21426478	21426594	6600ff
Repeats w/o cCREs	circle	10	22099193	22099360	6600ff
Repeats w/o cCREs	circle	10	24112522	24112663	6600ff
Repeats w/o cCREs	circle	10	26968497	26968637	6600ff
Repeats w/o cCREs	circle	10	27293793	27294000	6600ff
Repeats w/o cCREs	circle	10	27695966	27696134	6600ff
Repeats w/o cCREs	circle	10	30008655	30008790	6600ff
Repeats w/o cCREs	circle	10	3106728	3106974	6600ff
Repeats w/o cCREs	circle	10	31451706	31451846	6600ff
Repeats w/o cCREs	circle	10	39244709	39244832	6600ff
Repeats w/o cCREs	circle	10	39586560	39586700	6600ff
Repeats w/o cCREs	circle	10	44601358	44601529	6600ff
Repeats w/o cCREs	circle	10	50298436	50298603	6600ff
Repeats w/o cCREs	circle	10	50865317	50865424	6600ff
Repeats w/o cCREs	circle	10	52455355	52455471	6600ff
Repeats w/o cCREs	circle	10	5357620	5357780	6600ff
Repeats w/o cCREs	circle	10	54214597	54214735	6600ff
Repeats w/o cCREs	circle	10	59081466	59081665	6600ff
Repeats w/o cCREs	circle	10	70439198	70439320	6600ff
Repeats w/o cCREs	circle	10	74821750	74821941	6600ff
Repeats w/o cCREs	circle	10	75613603	75613745	6600ff
Repeats w/o cCREs	circle	10	77651435	77651525	6600ff
Repeats w/o cCREs	circle	10	77715079	77715235	6600ff
Repeats w/o cCREs	circle	10	78257358	78257481	6600ff
Repeats w/o cCREs	circle	10	79419503	79419629	6600ff
Repeats w/o cCREs	circle	10	82849612	82849733	6600ff
Repeats w/o cCREs	circle	10	82955014	82955127	6600ff
Repeats w/o cCREs	circle	10	85743669	85743808	6600ff
Repeats w/o cCREs	circle	10	85785873	85785989	6600ff
Repeats w/o cCREs	circle	10	88270654	88270857	6600ff
Repeats w/o cCREs	circle	11	103205385	103205530	6600ff
Repeats w/o cCREs	circle	11	103882565	103882675	6600ff
Repeats w/o cCREs	circle	11	104259768	104259941	6600ff
Repeats w/o cCREs	circle	11	104682089	104682264	6600ff
Repeats w/o cCREs	circle	11	110078408	110078570	6600ff
Repeats w/o cCREs	circle	11	119112597	119112707	6600ff
Repeats w/o cCREs	circle	11	34842556	34842704	6600ff
Repeats w/o cCREs	circle	11	44387057	44387205	6600ff
Repeats w/o cCREs	circle	11	48756261	48756397	6600ff
Repeats w/o cCREs	circle	11	48999178	48999323	6600ff
Repeats w/o cCREs	circle	11	49315811	49315898	6600ff
Repeats w/o cCREs	circle	11	50829063	50829192	6600ff
Repeats w/o cCREs	circle	11	5562667	5562783	6600ff
Repeats w/o cCREs	circle	11	58393756	58393827	6600ff
Repeats w/o cCREs	circle	11	58557545	58557674	6600ff
Repeats w/o cCREs	circle	11	72020110	72020338	6600ff
Repeats w/o cCREs	circle	11	73020645	73020750	6600ff
Repeats w/o cCREs	circle	11	73413560	73413735	6600ff
Repeats w/o cCREs	circle	11	73658494	73658631	6600ff
Repeats w/o cCREs	circle	11	73754813	73754990	6600ff
Repeats w/o cCREs	circle	11	74057711	74057862	6600ff
Repeats w/o cCREs	circle	11	74296028	74296148	6600ff
Repeats w/o cCREs	circle	11	79212675	79212793	6600ff
Repeats w/o cCREs	circle	11	83253815	83253936	6600ff
Repeats w/o cCREs	circle	11	98018769	98018865	6600ff
Repeats w/o cCREs	circle	11	99304439	99304593	6600ff
Repeats w/o cCREs	circle	11	99930455	99930601	6600ff
Repeats w/o cCREs	circle	12	100560408	100560552	6600ff
Repeats w/o cCREs	circle	12	103308802	103308951	6600ff
Repeats w/o cCREs	circle	12	103801341	103801459	6600ff
Repeats w/o cCREs	circle	12	104154175	104154295	6600ff
Repeats w/o cCREs	circle	12	108702949	108703053	6600ff
Repeats w/o cCREs	circle	12	113399441	113399572	6600ff
Repeats w/o cCREs	circle	12	113657688	113657840	6600ff
Repeats w/o cCREs	circle	12	114067770	114067924	6600ff
Repeats w/o cCREs	circle	12	114174964	114175128	6600ff
Repeats w/o cCREs	circle	12	114547603	114547725	6600ff
Repeats w/o cCREs	circle	12	114629048	114629161	6600ff
Repeats w/o cCREs	circle	12	114726875	114727004	6600ff
Repeats w/o cCREs	circle	12	114899561	114899681	6600ff
Repeats w/o cCREs	circle	12	11514150	11514278	6600ff
Repeats w/o cCREs	circle	12	115241549	115241706	6600ff
Repeats w/o cCREs	circle	12	115385446	115385620	6600ff
Repeats w/o cCREs	circle	12	115864554	115864699	6600ff
Repeats w/o cCREs	circle	12	116358474	116358622	6600ff
Repeats w/o cCREs	circle	12	116475836	116475967	6600ff
Repeats w/o cCREs	circle	12	119352406	119352525	6600ff
Repeats w/o cCREs	circle	12	120002916	120003161	6600ff
Repeats w/o cCREs	circle	12	13437382	13437518	6600ff
Repeats w/o cCREs	circle	12	13457756	13457882	6600ff
Repeats w/o cCREs	circle	12	18240989	18241101	6600ff
Repeats w/o cCREs	circle	12	26209127	26209232	6600ff
Repeats w/o cCREs	circle	12	26457012	26457155	6600ff
Repeats w/o cCREs	circle	12	26467906	26468045	6600ff
Repeats w/o cCREs	circle	12	28681542	28681772	6600ff
Repeats w/o cCREs	circle	12	3233604	3233788	6600ff
Repeats w/o cCREs	circle	12	38074425	38074575	6600ff
Repeats w/o cCREs	circle	12	45439054	45439248	6600ff
Repeats w/o cCREs	circle	12	48559598	48559752	6600ff
Repeats w/o cCREs	circle	12	49009732	49009887	6600ff
Repeats w/o cCREs	circle	12	49773846	49774094	6600ff
Repeats w/o cCREs	circle	12	52008381	52008512	6600ff
Repeats w/o cCREs	circle	12	52080812	52080950	6600ff
Repeats w/o cCREs	circle	12	5590688	5590900	6600ff
Repeats w/o cCREs	circle	12	57304804	57304936	6600ff
Repeats w/o cCREs	circle	12	57663672	57663788	6600ff
Repeats w/o cCREs	circle	12	62068214	62068386	6600ff
Repeats w/o cCREs	circle	12	62255145	62255286	6600ff
Repeats w/o cCREs	circle	12	62855213	62855360	6600ff
Repeats w/o cCREs	circle	12	64155354	64155476	6600ff
Repeats w/o cCREs	circle	12	67428685	67428814	6600ff
Repeats w/o cCREs	circle	12	67822895	67823014	6600ff
Repeats w/o cCREs	circle	12	69993435	69993586	6600ff
Repeats w/o cCREs	circle	12	72663256	72663464	6600ff
Repeats w/o cCREs	circle	12	77117784	77117917	6600ff
Repeats w/o cCREs	circle	12	80971040	80971226	6600ff
Repeats w/o cCREs	circle	12	81401150	81401279	6600ff
Repeats w/o cCREs	circle	12	82582747	82582909	6600ff
Repeats w/o cCREs	circle	12	85218181	85218357	6600ff
Repeats w/o cCREs	circle	12	87067566	87067704	6600ff
Repeats w/o cCREs	circle	12	88309295	88309404	6600ff
Repeats w/o cCREs	circle	12	88351729	88351907	6600ff
Repeats w/o cCREs	circle	12	90365184	90365413	6600ff
Repeats w/o cCREs	circle	12	91481936	91482065	6600ff
Repeats w/o cCREs	circle	12	9471502	9471653	6600ff
Repeats w/o cCREs	circle	12	97676389	97676557	6600ff
Repeats w/o cCREs	circle	13	101922715	101922870	6600ff
Repeats w/o cCREs	circle	13	111254142	111254283	6600ff
Repeats w/o cCREs	circle	13	113102267	113102432	6600ff
Repeats w/o cCREs	circle	13	114928956	114929109	6600ff
Repeats w/o cCREs	circle	13	11685083	11685312	6600ff
Repeats w/o cCREs	circle	13	117457586	117457701	6600ff
Repeats w/o cCREs	circle	13	118860849	118861029	6600ff
Repeats w/o cCREs	circle	13	12863830	12863953	6600ff
Repeats w/o cCREs	circle	13	15800263	15800481	6600ff
Repeats w/o cCREs	circle	13	16531786	16532011	6600ff
Repeats w/o cCREs	circle	13	18185494	18185631	6600ff
Repeats w/o cCREs	circle	13	21485389	21485569	6600ff
Repeats w/o cCREs	circle	13	21507788	21507934	6600ff
Repeats w/o cCREs	circle	13	21574536	21574680	6600ff
Repeats w/o cCREs	circle	13	22463387	22463552	6600ff
Repeats w/o cCREs	circle	13	22874624	22874771	6600ff
Repeats w/o cCREs	circle	13	23022778	23022901	6600ff
Repeats w/o cCREs	circle	13	23069975	23070137	6600ff
Repeats w/o cCREs	circle	13	28073286	28073452	6600ff
Repeats w/o cCREs	circle	13	33540340	33540552	6600ff
Repeats w/o cCREs	circle	13	33683794	33684021	6600ff
Repeats w/o cCREs	circle	13	34923032	34923192	6600ff
Repeats w/o cCREs	circle	13	35052151	35052396	6600ff
Repeats w/o cCREs	circle	13	35965561	35965733	6600ff
Repeats w/o cCREs	circle	13	36862096	36862233	6600ff
Repeats w/o cCREs	circle	13	37425863	37426007	6600ff
Repeats w/o cCREs	circle	13	3822971	3823088	6600ff
Repeats w/o cCREs	circle	13	38392662	38392778	6600ff
Repeats w/o cCREs	circle	13	42868921	42869042	6600ff
Repeats w/o cCREs	circle	13	49865218	49865440	6600ff
Repeats w/o cCREs	circle	13	56365547	56365722	6600ff
Repeats w/o cCREs	circle	13	59919117	59919328	6600ff
Repeats w/o cCREs	circle	13	61668282	61668374	6600ff
Repeats w/o cCREs	circle	13	67088812	67088957	6600ff
Repeats w/o cCREs	circle	13	67658611	67658758	6600ff
Repeats w/o cCREs	circle	13	70649545	70649681	6600ff
Repeats w/o cCREs	circle	13	7076475	7076632	6600ff
Repeats w/o cCREs	circle	13	7161491	7161633	6600ff
Repeats w/o cCREs	circle	13	7306278	7306460	6600ff
Repeats w/o cCREs	circle	13	74054418	74054536	6600ff
Repeats w/o cCREs	circle	13	77675486	77675620	6600ff
Repeats w/o cCREs	circle	13	81064394	81064538	6600ff
Repeats w/o cCREs	circle	13	91777660	91777847	6600ff
Repeats w/o cCREs	circle	13	95004458	95004607	6600ff
Repeats w/o cCREs	circle	13	95668936	95669068	6600ff
Repeats w/o cCREs	circle	13	96083682	96083833	6600ff
Repeats w/o cCREs	circle	13	9634406	9634556	6600ff
Repeats w/o cCREs	circle	13	9731525	9731645	6600ff
Repeats w/o cCREs	circle	13	9821463	9821621	6600ff
Repeats w/o cCREs	circle	13	9834195	9834345	6600ff
Repeats w/o cCREs	circle	14	103014171	103014288	6600ff
Repeats w/o cCREs	circle	14	106488434	106488529	6600ff
Repeats w/o cCREs	circle	14	110553359	110553525	6600ff
Repeats w/o cCREs	circle	14	118897132	118897261	6600ff
Repeats w/o cCREs	circle	14	13993211	13993372	6600ff
Repeats w/o cCREs	circle	14	14124835	14124995	6600ff
Repeats w/o cCREs	circle	14	15312156	15312290	6600ff
Repeats w/o cCREs	circle	14	16946279	16946437	6600ff
Repeats w/o cCREs	circle	14	19034933	19035062	6600ff
Repeats w/o cCREs	circle	14	19269220	19269344	6600ff
Repeats w/o cCREs	circle	14	24147796	24147902	6600ff
Repeats w/o cCREs	circle	14	24835019	24835238	6600ff
Repeats w/o cCREs	circle	14	33811133	33811257	6600ff
Repeats w/o cCREs	circle	14	37052467	37052599	6600ff
Repeats w/o cCREs	circle	14	37185816	37185956	6600ff
Repeats w/o cCREs	circle	14	43863613	43863756	6600ff
Repeats w/o cCREs	circle	14	50083282	50083471	6600ff
Repeats w/o cCREs	circle	14	50120714	50120865	6600ff
Repeats w/o cCREs	circle	14	52398626	52398748	6600ff
Repeats w/o cCREs	circle	14	52664397	52664589	6600ff
Repeats w/o cCREs	circle	14	53701003	53701241	6600ff
Repeats w/o cCREs	circle	14	54697792	54697962	6600ff
Repeats w/o cCREs	circle	14	55167780	55167909	6600ff
Repeats w/o cCREs	circle	14	56537747	56537839	6600ff
Repeats w/o cCREs	circle	14	58298291	58298427	6600ff
Repeats w/o cCREs	circle	14	5928097	5928267	6600ff
Repeats w/o cCREs	circle	14	61456342	61456474	6600ff
Repeats w/o cCREs	circle	14	62633824	62633965	6600ff
Repeats w/o cCREs	circle	14	66122315	66122427	6600ff
Repeats w/o cCREs	circle	14	70430301	70430531	6600ff
Repeats w/o cCREs	circle	14	73658266	73658396	6600ff
Repeats w/o cCREs	circle	14	73728909	73729059	6600ff
Repeats w/o cCREs	circle	14	73769281	73769493	6600ff
Repeats w/o cCREs	circle	14	75245240	75245459	6600ff
Repeats w/o cCREs	circle	14	79705450	79705592	6600ff
Repeats w/o cCREs	circle	14	81683260	81683430	6600ff
Repeats w/o cCREs	circle	14	96702776	96702882	6600ff
Repeats w/o cCREs	circle	15	101555481	101555723	6600ff
Repeats w/o cCREs	circle	15	101576655	101576804	6600ff
Repeats w/o cCREs	circle	15	101779050	101779248	6600ff
Repeats w/o cCREs	circle	15	11705181	11705312	6600ff
Repeats w/o cCREs	circle	15	15818434	15818535	6600ff
Repeats w/o cCREs	circle	15	19454559	19454673	6600ff
Repeats w/o cCREs	circle	15	26674702	26674911	6600ff
Repeats w/o cCREs	circle	15	33689143	33689268	6600ff
Repeats w/o cCREs	circle	15	34034819	34034971	6600ff
Repeats w/o cCREs	circle	15	35199542	35199729	6600ff
Repeats w/o cCREs	circle	15	40909865	40910013	6600ff
Repeats w/o cCREs	circle	15	42256957	42257122	6600ff
Repeats w/o cCREs	circle	15	46625729	46625886	6600ff
Repeats w/o cCREs	circle	15	4824334	4824473	6600ff
Repeats w/o cCREs	circle	15	4883315	4883474	6600ff
Repeats w/o cCREs	circle	15	48908749	48908962	6600ff
Repeats w/o cCREs	circle	15	5313932	5314132	6600ff
Repeats w/o cCREs	circle	15	53903748	53903862	6600ff
Repeats w/o cCREs	circle	15	61360676	61360811	6600ff
Repeats w/o cCREs	circle	15	6327627	6327755	6600ff
Repeats w/o cCREs	circle	15	6501651	6501815	6600ff
Repeats w/o cCREs	circle	15	65854186	65854360	6600ff
Repeats w/o cCREs	circle	15	66717838	66717984	6600ff
Repeats w/o cCREs	circle	15	71797561	71797688	6600ff
Repeats w/o cCREs	circle	15	78443392	78443561	6600ff
Repeats w/o cCREs	circle	15	79258171	79258278	6600ff
Repeats w/o cCREs	circle	15	79309977	79310142	6600ff
Repeats w/o cCREs	circle	15	82408522	82408654	6600ff
Repeats w/o cCREs	circle	15	82425735	82425882	6600ff
Repeats w/o cCREs	circle	15	82445080	82445264	6600ff
Repeats w/o cCREs	circle	15	83916469	83916570	6600ff
Repeats w/o cCREs	circle	15	86725621	86725755	6600ff
Repeats w/o cCREs	circle	15	91131102	91131254	6600ff
Repeats w/o cCREs	circle	15	91962277	91962389	6600ff
Repeats w/o cCREs	circle	15	95777035	95777162	6600ff
Repeats w/o cCREs	circle	16	10168501	10168628	6600ff
Repeats w/o cCREs	circle	16	10224420	10224560	6600ff
Repeats w/o cCREs	circle	16	14560253	14560399	6600ff
Repeats w/o cCREs	circle	16	16376742	16376890	6600ff
Repeats w/o cCREs	circle	16	16385647	16385771	6600ff
Repeats w/o cCREs	circle	16	20361467	20361606	6600ff
Repeats w/o cCREs	circle	16	20443534	20443681	6600ff
Repeats w/o cCREs	circle	16	33979745	33979869	6600ff
Repeats w/o cCREs	circle	16	35286850	35287003	6600ff
Repeats w/o cCREs	circle	16	3531942	3532106	6600ff
Repeats w/o cCREs	circle	16	36220521	36220649	6600ff
Repeats w/o cCREs	circle	16	36317046	36317174	6600ff
Repeats w/o cCREs	circle	16	36737848	36737985	6600ff
Repeats w/o cCREs	circle	16	37547386	37547511	6600ff
Repeats w/o cCREs	circle	16	38743391	38743638	6600ff
Repeats w/o cCREs	circle	16	4230198	4230303	6600ff
Repeats w/o cCREs	circle	16	44804057	44804173	6600ff
Repeats w/o cCREs	circle	16	45530247	45530381	6600ff
Repeats w/o cCREs	circle	16	48772591	48772713	6600ff
Repeats w/o cCREs	circle	16	57264282	57264400	6600ff
Repeats w/o cCREs	circle	16	59008317	59008461	6600ff
Repeats w/o cCREs	circle	16	59188897	59189065	6600ff
Repeats w/o cCREs	circle	16	59221073	59221216	6600ff
Repeats w/o cCREs	circle	16	59342865	59343005	6600ff
Repeats w/o cCREs	circle	16	63114211	63114356	6600ff
Repeats w/o cCREs	circle	16	70286345	70286475	6600ff
Repeats w/o cCREs	circle	16	71131153	71131287	6600ff
Repeats w/o cCREs	circle	16	77307163	77307308	6600ff
Repeats w/o cCREs	circle	16	82546024	82546152	6600ff
Repeats w/o cCREs	circle	16	87127069	87127240	6600ff
Repeats w/o cCREs	circle	16	88921984	88922178	6600ff
Repeats w/o cCREs	circle	16	94012299	94012410	6600ff
Repeats w/o cCREs	circle	16	96185850	96186015	6600ff
Repeats w/o cCREs	circle	17	17784137	17784258	6600ff
Repeats w/o cCREs	circle	17	21089298	21089449	6600ff
Repeats w/o cCREs	circle	17	21309973	21310092	6600ff
Repeats w/o cCREs	circle	17	23445226	23445381	6600ff
Repeats w/o cCREs	circle	17	25853281	25853440	6600ff
Repeats w/o cCREs	circle	17	26492741	26492849	6600ff
Repeats w/o cCREs	circle	17	27338441	27338563	6600ff
Repeats w/o cCREs	circle	17	30873261	30873364	6600ff
Repeats w/o cCREs	circle	17	33035924	33036055	6600ff
Repeats w/o cCREs	circle	17	36452202	36452333	6600ff
Repeats w/o cCREs	circle	17	37148910	37149046	6600ff
Repeats w/o cCREs	circle	17	37447684	37447802	6600ff
Repeats w/o cCREs	circle	17	37698754	37698923	6600ff
Repeats w/o cCREs	circle	17	38381907	38382086	6600ff
Repeats w/o cCREs	circle	17	39029929	39030089	6600ff
Repeats w/o cCREs	circle	17	39119639	39119768	6600ff
Repeats w/o cCREs	circle	17	40456513	40456719	6600ff
Repeats w/o cCREs	circle	17	41004835	41005014	6600ff
Repeats w/o cCREs	circle	17	41099053	41099221	6600ff
Repeats w/o cCREs	circle	17	50211597	50211713	6600ff
Repeats w/o cCREs	circle	17	53992518	53992706	6600ff
Repeats w/o cCREs	circle	17	59601405	59601538	6600ff
Repeats w/o cCREs	circle	17	61016364	61016501	6600ff
Repeats w/o cCREs	circle	17	63452232	63452365	6600ff
Repeats w/o cCREs	circle	17	63623830	63623946	6600ff
Repeats w/o cCREs	circle	17	6469111	6469222	6600ff
Repeats w/o cCREs	circle	17	68773802	68773929	6600ff
Repeats w/o cCREs	circle	17	69776754	69776900	6600ff
Repeats w/o cCREs	circle	17	72500315	72500450	6600ff
Repeats w/o cCREs	circle	17	74230032	74230185	6600ff
Repeats w/o cCREs	circle	17	78689804	78689931	6600ff
Repeats w/o cCREs	circle	17	83517193	83517302	6600ff
Repeats w/o cCREs	circle	17	84017243	84017347	6600ff
Repeats w/o cCREs	circle	17	85500437	85500591	6600ff
Repeats w/o cCREs	circle	17	87078118	87078231	6600ff
Repeats w/o cCREs	circle	18	10661752	10661877	6600ff
Repeats w/o cCREs	circle	18	13128724	13128898	6600ff
Repeats w/o cCREs	circle	18	13152786	13152919	6600ff
Repeats w/o cCREs	circle	18	30432301	30432448	6600ff
Repeats w/o cCREs	circle	18	31522846	31522964	6600ff
Repeats w/o cCREs	circle	18	31984247	31984387	6600ff
Repeats w/o cCREs	circle	18	32160856	32161026	6600ff
Repeats w/o cCREs	circle	18	32502582	32502713	6600ff
Repeats w/o cCREs	circle	18	37646589	37646748	6600ff
Repeats w/o cCREs	circle	18	38892595	38892761	6600ff
Repeats w/o cCREs	circle	18	4164967	4165063	6600ff
Repeats w/o cCREs	circle	18	46337609	46337741	6600ff
Repeats w/o cCREs	circle	18	55975154	55975310	6600ff
Repeats w/o cCREs	circle	18	57120407	57120510	6600ff
Repeats w/o cCREs	circle	18	58088994	58089118	6600ff
Repeats w/o cCREs	circle	18	66636982	66637112	6600ff
Repeats w/o cCREs	circle	18	66761905	66762099	6600ff
Repeats w/o cCREs	circle	18	70279188	70279312	6600ff
Repeats w/o cCREs	circle	18	80820440	80820552	6600ff
Repeats w/o cCREs	circle	18	86350001	86350121	6600ff
Repeats w/o cCREs	circle	19	12119084	12119229	6600ff
Repeats w/o cCREs	circle	19	13457596	13457788	6600ff
Repeats w/o cCREs	circle	19	13461350	13461466	6600ff
Repeats w/o cCREs	circle	19	13721380	13721535	6600ff
Repeats w/o cCREs	circle	19	23654170	23654315	6600ff
Repeats w/o cCREs	circle	19	24005009	24005126	6600ff
Repeats w/o cCREs	circle	19	27101382	27101512	6600ff
Repeats w/o cCREs	circle	19	28740861	28740993	6600ff
Repeats w/o cCREs	circle	19	28931683	28931818	6600ff
Repeats w/o cCREs	circle	19	29638316	29638481	6600ff
Repeats w/o cCREs	circle	19	3154154	3154278	6600ff
Repeats w/o cCREs	circle	19	32422694	32422818	6600ff
Repeats w/o cCREs	circle	19	35608202	35608387	6600ff
Repeats w/o cCREs	circle	19	4738648	4738793	6600ff
Repeats w/o cCREs	circle	19	51142313	51142470	6600ff
Repeats w/o cCREs	circle	19	53883813	53883931	6600ff
Repeats w/o cCREs	circle	19	54936508	54936639	6600ff
Repeats w/o cCREs	circle	19	60093237	60093390	6600ff
Repeats w/o cCREs	circle	19	61253089	61253208	6600ff
Repeats w/o cCREs	circle	19	6967064	6967178	6600ff
Repeats w/o cCREs	circle	19	7667738	7667884	6600ff
Repeats w/o cCREs	circle	19	9235168	9235340	6600ff
Repeats w/o cCREs	circle	1	106087570	106087692	6600ff
Repeats w/o cCREs	circle	1	107301124	107301276	6600ff
Repeats w/o cCREs	circle	1	107963841	107964050	6600ff
Repeats w/o cCREs	circle	1	112137070	112137245	6600ff
Repeats w/o cCREs	circle	1	133962540	133962658	6600ff
Repeats w/o cCREs	circle	1	138875561	138875713	6600ff
Repeats w/o cCREs	circle	1	139202945	139203074	6600ff
Repeats w/o cCREs	circle	1	139407242	139407405	6600ff
Repeats w/o cCREs	circle	1	139936123	139936262	6600ff
Repeats w/o cCREs	circle	1	141299532	141299658	6600ff
Repeats w/o cCREs	circle	1	144610889	144611024	6600ff
Repeats w/o cCREs	circle	1	149437238	149437396	6600ff
Repeats w/o cCREs	circle	1	150269456	150269601	6600ff
Repeats w/o cCREs	circle	1	15285219	15285354	6600ff
Repeats w/o cCREs	circle	1	154311836	154311978	6600ff
Repeats w/o cCREs	circle	1	156225162	156225313	6600ff
Repeats w/o cCREs	circle	1	156300466	156300624	6600ff
Repeats w/o cCREs	circle	1	157356708	157356841	6600ff
Repeats w/o cCREs	circle	1	159136463	159136593	6600ff
Repeats w/o cCREs	circle	1	159214078	159214201	6600ff
Repeats w/o cCREs	circle	1	161492906	161493045	6600ff
Repeats w/o cCREs	circle	1	164442426	164442595	6600ff
Repeats w/o cCREs	circle	1	164699881	164700000	6600ff
Repeats w/o cCREs	circle	1	171679156	171679284	6600ff
Repeats w/o cCREs	circle	1	171724675	171724824	6600ff
Repeats w/o cCREs	circle	1	172872772	172872957	6600ff
Repeats w/o cCREs	circle	1	17401345	17401470	6600ff
Repeats w/o cCREs	circle	1	174118451	174118590	6600ff
Repeats w/o cCREs	circle	1	176791913	176792077	6600ff
Repeats w/o cCREs	circle	1	180145700	180145898	6600ff
Repeats w/o cCREs	circle	1	181654167	181654359	6600ff
Repeats w/o cCREs	circle	1	182290614	182290733	6600ff
Repeats w/o cCREs	circle	1	18707325	18707437	6600ff
Repeats w/o cCREs	circle	1	190843671	190843846	6600ff
Repeats w/o cCREs	circle	1	190924118	190924246	6600ff
Repeats w/o cCREs	circle	1	192839517	192839680	6600ff
Repeats w/o cCREs	circle	1	193052933	193053113	6600ff
Repeats w/o cCREs	circle	1	193472342	193472522	6600ff
Repeats w/o cCREs	circle	1	195150754	195150934	6600ff
Repeats w/o cCREs	circle	1	20944829	20944989	6600ff
Repeats w/o cCREs	circle	1	21296080	21296229	6600ff
Repeats w/o cCREs	circle	1	27989693	27989840	6600ff
Repeats w/o cCREs	circle	1	33192551	33192738	6600ff
Repeats w/o cCREs	circle	1	33234391	33234546	6600ff
Repeats w/o cCREs	circle	1	44145262	44145390	6600ff
Repeats w/o cCREs	circle	1	50559186	50559288	6600ff
Repeats w/o cCREs	circle	1	55359991	55360128	6600ff
Repeats w/o cCREs	circle	1	59001507	59001664	6600ff
Repeats w/o cCREs	circle	1	60705597	60705774	6600ff
Repeats w/o cCREs	circle	1	60991134	60991275	6600ff
Repeats w/o cCREs	circle	1	63963388	63963531	6600ff
Repeats w/o cCREs	circle	1	65548154	65548311	6600ff
Repeats w/o cCREs	circle	1	66064786	66064989	6600ff
Repeats w/o cCREs	circle	1	66304848	66304968	6600ff
Repeats w/o cCREs	circle	1	68113724	68113923	6600ff
Repeats w/o cCREs	circle	1	70068017	70068168	6600ff
Repeats w/o cCREs	circle	1	7013389	7013539	6600ff
Repeats w/o cCREs	circle	1	77970204	77970346	6600ff
Repeats w/o cCREs	circle	1	82634211	82634341	6600ff
Repeats w/o cCREs	circle	1	8469082	8469225	6600ff
Repeats w/o cCREs	circle	1	85268886	85269008	6600ff
Repeats w/o cCREs	circle	1	86891947	86892094	6600ff
Repeats w/o cCREs	circle	1	86908262	86908399	6600ff
Repeats w/o cCREs	circle	1	88217909	88218061	6600ff
Repeats w/o cCREs	circle	1	91177663	91177861	6600ff
Repeats w/o cCREs	circle	1	93682626	93682781	6600ff
Repeats w/o cCREs	circle	1	9401588	9401703	6600ff
Repeats w/o cCREs	circle	1	94022206	94022317	6600ff
Repeats w/o cCREs	circle	1	96267406	96267603	6600ff
Repeats w/o cCREs	circle	1	96303477	96303641	6600ff
Repeats w/o cCREs	circle	1	97947788	97947912	6600ff
Repeats w/o cCREs	circle	2	103890277	103890404	6600ff
Repeats w/o cCREs	circle	2	10520445	10520584	6600ff
Repeats w/o cCREs	circle	2	11098608	11098760	6600ff
Repeats w/o cCREs	circle	2	111966951	111967079	6600ff
Repeats w/o cCREs	circle	2	111986139	111986306	6600ff
Repeats w/o cCREs	circle	2	112044638	112044766	6600ff
Repeats w/o cCREs	circle	2	112108714	112108870	6600ff
Repeats w/o cCREs	circle	2	112129407	112129632	6600ff
Repeats w/o cCREs	circle	2	113282918	113283090	6600ff
Repeats w/o cCREs	circle	2	11407209	11407411	6600ff
Repeats w/o cCREs	circle	2	118898340	118898441	6600ff
Repeats w/o cCREs	circle	2	119330109	119330223	6600ff
Repeats w/o cCREs	circle	2	121028535	121028752	6600ff
Repeats w/o cCREs	circle	2	126566406	126566540	6600ff
Repeats w/o cCREs	circle	2	130981768	130981899	6600ff
Repeats w/o cCREs	circle	2	132948801	132948927	6600ff
Repeats w/o cCREs	circle	2	135222263	135222386	6600ff
Repeats w/o cCREs	circle	2	140437862	140438031	6600ff
Repeats w/o cCREs	circle	2	148851920	148852069	6600ff
Repeats w/o cCREs	circle	2	149017951	149018103	6600ff
Repeats w/o cCREs	circle	2	150379230	150379359	6600ff
Repeats w/o cCREs	circle	2	150411914	150412046	6600ff
Repeats w/o cCREs	circle	2	150992915	150993118	6600ff
Repeats w/o cCREs	circle	2	153917595	153917721	6600ff
Repeats w/o cCREs	circle	2	156702087	156702235	6600ff
Repeats w/o cCREs	circle	2	166765665	166765802	6600ff
Repeats w/o cCREs	circle	2	170573559	170573747	6600ff
Repeats w/o cCREs	circle	2	179932241	179932356	6600ff
Repeats w/o cCREs	circle	2	181896017	181896196	6600ff
Repeats w/o cCREs	circle	2	19676071	19676218	6600ff
Repeats w/o cCREs	circle	2	19967544	19967682	6600ff
Repeats w/o cCREs	circle	2	24323183	24323322	6600ff
Repeats w/o cCREs	circle	2	25766922	25767059	6600ff
Repeats w/o cCREs	circle	2	25781199	25781436	6600ff
Repeats w/o cCREs	circle	2	28116922	28117047	6600ff
Repeats w/o cCREs	circle	2	31495757	31495933	6600ff
Repeats w/o cCREs	circle	2	34918736	34918846	6600ff
Repeats w/o cCREs	circle	2	35660177	35660340	6600ff
Repeats w/o cCREs	circle	2	38995908	38996025	6600ff
Repeats w/o cCREs	circle	2	39235698	39235834	6600ff
Repeats w/o cCREs	circle	2	39395813	39395950	6600ff
Repeats w/o cCREs	circle	2	46405706	46405847	6600ff
Repeats w/o cCREs	circle	2	57424024	57424183	6600ff
Repeats w/o cCREs	circle	2	68656829	68656993	6600ff
Repeats w/o cCREs	circle	2	69251223	69251359	6600ff
Repeats w/o cCREs	circle	2	73595106	73595223	6600ff
Repeats w/o cCREs	circle	2	73809508	73809651	6600ff
Repeats w/o cCREs	circle	2	74101672	74101853	6600ff
Repeats w/o cCREs	circle	2	78235924	78236042	6600ff
Repeats w/o cCREs	circle	2	78548335	78548458	6600ff
Repeats w/o cCREs	circle	2	84144279	84144455	6600ff
Repeats w/o cCREs	circle	2	84927792	84927953	6600ff
Repeats w/o cCREs	circle	2	86009783	86009911	6600ff
Repeats w/o cCREs	circle	2	86165658	86165783	6600ff
Repeats w/o cCREs	circle	2	86444585	86444752	6600ff
Repeats w/o cCREs	circle	2	87148564	87148715	6600ff
Repeats w/o cCREs	circle	2	87169946	87170085	6600ff
Repeats w/o cCREs	circle	2	87977041	87977190	6600ff
Repeats w/o cCREs	circle	2	88123292	88123445	6600ff
Repeats w/o cCREs	circle	2	88698521	88698661	6600ff
Repeats w/o cCREs	circle	2	94439592	94439797	6600ff
Repeats w/o cCREs	circle	3	101691171	101691317	6600ff
Repeats w/o cCREs	circle	3	102784322	102784452	6600ff
Repeats w/o cCREs	circle	3	103394573	103394706	6600ff
Repeats w/o cCREs	circle	3	105502898	105503007	6600ff
Repeats w/o cCREs	circle	3	106007717	106007850	6600ff
Repeats w/o cCREs	circle	3	106119558	106119662	6600ff
Repeats w/o cCREs	circle	3	106216873	106217025	6600ff
Repeats w/o cCREs	circle	3	10644470	10644662	6600ff
Repeats w/o cCREs	circle	3	106587485	106587677	6600ff
Repeats w/o cCREs	circle	3	113855566	113855715	6600ff
Repeats w/o cCREs	circle	3	116468648	116468777	6600ff
Repeats w/o cCREs	circle	3	116998755	116998894	6600ff
Repeats w/o cCREs	circle	3	127050534	127050658	6600ff
Repeats w/o cCREs	circle	3	127733793	127733906	6600ff
Repeats w/o cCREs	circle	3	132941933	132942081	6600ff
Repeats w/o cCREs	circle	3	133103296	133103487	6600ff
Repeats w/o cCREs	circle	3	134162153	134162312	6600ff
Repeats w/o cCREs	circle	3	134965563	134965726	6600ff
Repeats w/o cCREs	circle	3	13847829	13848009	6600ff
Repeats w/o cCREs	circle	3	138728338	138728490	6600ff
Repeats w/o cCREs	circle	3	140872009	140872162	6600ff
Repeats w/o cCREs	circle	3	142557640	142557784	6600ff
Repeats w/o cCREs	circle	3	144136031	144136176	6600ff
Repeats w/o cCREs	circle	3	14482721	14482855	6600ff
Repeats w/o cCREs	circle	3	146190491	146190677	6600ff
Repeats w/o cCREs	circle	3	146787750	146787907	6600ff
Repeats w/o cCREs	circle	3	14810034	14810177	6600ff
Repeats w/o cCREs	circle	3	151887687	151887795	6600ff
Repeats w/o cCREs	circle	3	151971947	151972093	6600ff
Repeats w/o cCREs	circle	3	153749813	153749936	6600ff
Repeats w/o cCREs	circle	3	19932189	19932429	6600ff
Repeats w/o cCREs	circle	3	20506557	20506729	6600ff
Repeats w/o cCREs	circle	3	22248295	22248412	6600ff
Repeats w/o cCREs	circle	3	22296272	22296389	6600ff
Repeats w/o cCREs	circle	3	22348382	22348512	6600ff
Repeats w/o cCREs	circle	3	27314126	27314272	6600ff
Repeats w/o cCREs	circle	3	29926928	29927048	6600ff
Repeats w/o cCREs	circle	3	30700444	30700616	6600ff
Repeats w/o cCREs	circle	3	38225013	38225142	6600ff
Repeats w/o cCREs	circle	3	40706045	40706185	6600ff
Repeats w/o cCREs	circle	3	41175102	41175257	6600ff
Repeats w/o cCREs	circle	3	53759609	53759758	6600ff
Repeats w/o cCREs	circle	3	57361311	57361535	6600ff
Repeats w/o cCREs	circle	3	57958463	57958669	6600ff
Repeats w/o cCREs	circle	3	59783138	59783270	6600ff
Repeats w/o cCREs	circle	3	64109513	64109648	6600ff
Repeats w/o cCREs	circle	3	65866308	65866419	6600ff
Repeats w/o cCREs	circle	3	69959808	69959913	6600ff
Repeats w/o cCREs	circle	3	73483183	73483336	6600ff
Repeats w/o cCREs	circle	3	8463110	8463262	6600ff
Repeats w/o cCREs	circle	3	86934519	86934703	6600ff
Repeats w/o cCREs	circle	3	90710928	90711058	6600ff
Repeats w/o cCREs	circle	3	90735913	90736061	6600ff
Repeats w/o cCREs	circle	3	90758417	90758632	6600ff
Repeats w/o cCREs	circle	3	91070252	91070401	6600ff
Repeats w/o cCREs	circle	3	92115636	92115790	6600ff
Repeats w/o cCREs	circle	3	94268270	94268395	6600ff
Repeats w/o cCREs	circle	3	98691054	98691201	6600ff
Repeats w/o cCREs	circle	3	99100235	99100365	6600ff
Repeats w/o cCREs	circle	3	99464546	99464750	6600ff
Repeats w/o cCREs	circle	3	99497507	99497655	6600ff
Repeats w/o cCREs	circle	3	9969134	9969370	6600ff
Repeats w/o cCREs	circle	4	101268213	101268414	6600ff
Repeats w/o cCREs	circle	4	101841915	101842063	6600ff
Repeats w/o cCREs	circle	4	101896855	101896957	6600ff
Repeats w/o cCREs	circle	4	103027155	103027284	6600ff
Repeats w/o cCREs	circle	4	106257423	106257608	6600ff
Repeats w/o cCREs	circle	4	107691545	107691679	6600ff
Repeats w/o cCREs	circle	4	108145888	108146050	6600ff
Repeats w/o cCREs	circle	4	10843752	10843908	6600ff
Repeats w/o cCREs	circle	4	111289877	111290098	6600ff
Repeats w/o cCREs	circle	4	112074187	112074315	6600ff
Repeats w/o cCREs	circle	4	112121536	112121730	6600ff
Repeats w/o cCREs	circle	4	112926463	112926641	6600ff
Repeats w/o cCREs	circle	4	114094280	114094483	6600ff
Repeats w/o cCREs	circle	4	115417605	115417757	6600ff
Repeats w/o cCREs	circle	4	115453345	115453590	6600ff
Repeats w/o cCREs	circle	4	115478586	115478716	6600ff
Repeats w/o cCREs	circle	4	115583583	115583761	6600ff
Repeats w/o cCREs	circle	4	121384428	121384564	6600ff
Repeats w/o cCREs	circle	4	124653835	124653950	6600ff
Repeats w/o cCREs	circle	4	130080254	130080451	6600ff
Repeats w/o cCREs	circle	4	131013040	131013168	6600ff
Repeats w/o cCREs	circle	4	134383491	134383682	6600ff
Repeats w/o cCREs	circle	4	139944363	139944471	6600ff
Repeats w/o cCREs	circle	4	143719544	143719674	6600ff
Repeats w/o cCREs	circle	4	144789093	144789244	6600ff
Repeats w/o cCREs	circle	4	153218947	153219047	6600ff
Repeats w/o cCREs	circle	4	154900748	154900898	6600ff
Repeats w/o cCREs	circle	4	18710250	18710401	6600ff
Repeats w/o cCREs	circle	4	25244083	25244194	6600ff
Repeats w/o cCREs	circle	4	32965206	32965347	6600ff
Repeats w/o cCREs	circle	4	34727522	34727655	6600ff
Repeats w/o cCREs	circle	4	43802717	43802889	6600ff
Repeats w/o cCREs	circle	4	44086908	44087073	6600ff
Repeats w/o cCREs	circle	4	47069385	47069487	6600ff
Repeats w/o cCREs	circle	4	49340987	49341104	6600ff
Repeats w/o cCREs	circle	4	52991737	52991935	6600ff
Repeats w/o cCREs	circle	4	63893890	63894051	6600ff
Repeats w/o cCREs	circle	4	64275607	64275763	6600ff
Repeats w/o cCREs	circle	4	69926936	69927080	6600ff
Repeats w/o cCREs	circle	4	86511700	86511843	6600ff
Repeats w/o cCREs	circle	4	88841366	88841500	6600ff
Repeats w/o cCREs	circle	4	88852082	88852211	6600ff
Repeats w/o cCREs	circle	4	88871152	88871353	6600ff
Repeats w/o cCREs	circle	4	89048772	89048964	6600ff
Repeats w/o cCREs	circle	4	90226414	90226540	6600ff
Repeats w/o cCREs	circle	4	95041737	95041940	6600ff
Repeats w/o cCREs	circle	4	95638762	95638901	6600ff
Repeats w/o cCREs	circle	4	95975487	95975603	6600ff
Repeats w/o cCREs	circle	4	96169941	96170139	6600ff
Repeats w/o cCREs	circle	4	98233918	98234137	6600ff
Repeats w/o cCREs	circle	4	98277876	98278002	6600ff
Repeats w/o cCREs	circle	5	10185435	10185570	6600ff
Repeats w/o cCREs	circle	5	104298374	104298514	6600ff
Repeats w/o cCREs	circle	5	104542609	104542810	6600ff
Repeats w/o cCREs	circle	5	105294868	105295048	6600ff
Repeats w/o cCREs	circle	5	106070845	106071008	6600ff
Repeats w/o cCREs	circle	5	107595271	107595443	6600ff
Repeats w/o cCREs	circle	5	108212562	108212693	6600ff
Repeats w/o cCREs	circle	5	108890426	108890583	6600ff
Repeats w/o cCREs	circle	5	109933512	109933664	6600ff
Repeats w/o cCREs	circle	5	113100911	113101080	6600ff
Repeats w/o cCREs	circle	5	12480727	12480971	6600ff
Repeats w/o cCREs	circle	5	130782047	130782235	6600ff
Repeats w/o cCREs	circle	5	131975707	131975866	6600ff
Repeats w/o cCREs	circle	5	135367918	135368032	6600ff
Repeats w/o cCREs	circle	5	140029910	140030053	6600ff
Repeats w/o cCREs	circle	5	143156954	143157091	6600ff
Repeats w/o cCREs	circle	5	143157613	143157753	6600ff
Repeats w/o cCREs	circle	5	145505298	145505445	6600ff
Repeats w/o cCREs	circle	5	145953560	145953709	6600ff
Repeats w/o cCREs	circle	5	15607575	15607696	6600ff
Repeats w/o cCREs	circle	5	15681564	15681738	6600ff
Repeats w/o cCREs	circle	5	17370104	17370237	6600ff
Repeats w/o cCREs	circle	5	22646860	22646964	6600ff
Repeats w/o cCREs	circle	5	26040175	26040327	6600ff
Repeats w/o cCREs	circle	5	26072174	26072329	6600ff
Repeats w/o cCREs	circle	5	26860423	26860604	6600ff
Repeats w/o cCREs	circle	5	28580110	28580282	6600ff
Repeats w/o cCREs	circle	5	29219199	29219426	6600ff
Repeats w/o cCREs	circle	5	29890607	29890723	6600ff
Repeats w/o cCREs	circle	5	31096848	31096953	6600ff
Repeats w/o cCREs	circle	5	34735078	34735238	6600ff
Repeats w/o cCREs	circle	5	39985768	39985897	6600ff
Repeats w/o cCREs	circle	5	43785613	43785739	6600ff
Repeats w/o cCREs	circle	5	44006297	44006447	6600ff
Repeats w/o cCREs	circle	5	48948772	48948932	6600ff
Repeats w/o cCREs	circle	5	49517352	49517520	6600ff
Repeats w/o cCREs	circle	5	55725781	55725908	6600ff
Repeats w/o cCREs	circle	5	5627121	5627251	6600ff
Repeats w/o cCREs	circle	5	5677929	5678128	6600ff
Repeats w/o cCREs	circle	5	5783623	5783842	6600ff
Repeats w/o cCREs	circle	5	66356599	66356728	6600ff
Repeats w/o cCREs	circle	5	67768635	67768756	6600ff
Repeats w/o cCREs	circle	5	72494955	72495104	6600ff
Repeats w/o cCREs	circle	5	74684644	74684842	6600ff
Repeats w/o cCREs	circle	5	86174205	86174320	6600ff
Repeats w/o cCREs	circle	5	86864416	86864542	6600ff
Repeats w/o cCREs	circle	5	87537545	87537666	6600ff
Repeats w/o cCREs	circle	5	88089494	88089634	6600ff
Repeats w/o cCREs	circle	5	88269487	88269673	6600ff
Repeats w/o cCREs	circle	5	8926870	8927002	6600ff
Repeats w/o cCREs	circle	5	95973811	95973934	6600ff
Repeats w/o cCREs	circle	5	97113838	97113944	6600ff
Repeats w/o cCREs	circle	5	98540091	98540264	6600ff
Repeats w/o cCREs	circle	5	99756677	99756763	6600ff
Repeats w/o cCREs	circle	6	105529436	105529558	6600ff
Repeats w/o cCREs	circle	6	109216098	109216233	6600ff
Repeats w/o cCREs	circle	6	115039184	115039312	6600ff
Repeats w/o cCREs	circle	6	116272381	116272519	6600ff
Repeats w/o cCREs	circle	6	116505040	116505213	6600ff
Repeats w/o cCREs	circle	6	117558589	117558709	6600ff
Repeats w/o cCREs	circle	6	118546664	118546863	6600ff
Repeats w/o cCREs	circle	6	122197230	122197372	6600ff
Repeats w/o cCREs	circle	6	123049690	123049854	6600ff
Repeats w/o cCREs	circle	6	124251350	124251511	6600ff
Repeats w/o cCREs	circle	6	126333150	126333287	6600ff
Repeats w/o cCREs	circle	6	128624027	128624193	6600ff
Repeats w/o cCREs	circle	6	13056769	13056903	6600ff
Repeats w/o cCREs	circle	6	131295641	131295780	6600ff
Repeats w/o cCREs	circle	6	131662390	131662529	6600ff
Repeats w/o cCREs	circle	6	135310434	135310625	6600ff
Repeats w/o cCREs	circle	6	14084001	14084152	6600ff
Repeats w/o cCREs	circle	6	146783258	146783420	6600ff
Repeats w/o cCREs	circle	6	17349714	17349850	6600ff
Repeats w/o cCREs	circle	6	18146907	18147032	6600ff
Repeats w/o cCREs	circle	6	18882546	18882672	6600ff
Repeats w/o cCREs	circle	6	21681308	21681464	6600ff
Repeats w/o cCREs	circle	6	23134101	23134221	6600ff
Repeats w/o cCREs	circle	6	23154518	23154665	6600ff
Repeats w/o cCREs	circle	6	23311204	23311326	6600ff
Repeats w/o cCREs	circle	6	24143133	24143296	6600ff
Repeats w/o cCREs	circle	6	25979149	25979306	6600ff
Repeats w/o cCREs	circle	6	28473072	28473246	6600ff
Repeats w/o cCREs	circle	6	33434890	33435040	6600ff
Repeats w/o cCREs	circle	6	34654758	34654935	6600ff
Repeats w/o cCREs	circle	6	3558577	3558703	6600ff
Repeats w/o cCREs	circle	6	35618049	35618188	6600ff
Repeats w/o cCREs	circle	6	40746578	40746716	6600ff
Repeats w/o cCREs	circle	6	40775890	40776023	6600ff
Repeats w/o cCREs	circle	6	41001385	41001512	6600ff
Repeats w/o cCREs	circle	6	41123399	41123626	6600ff
Repeats w/o cCREs	circle	6	41677996	41678136	6600ff
Repeats w/o cCREs	circle	6	4263060	4263204	6600ff
Repeats w/o cCREs	circle	6	43855915	43856151	6600ff
Repeats w/o cCREs	circle	6	44084571	44084687	6600ff
Repeats w/o cCREs	circle	6	48553460	48553595	6600ff
Repeats w/o cCREs	circle	6	49317043	49317198	6600ff
Repeats w/o cCREs	circle	6	4947381	4947502	6600ff
Repeats w/o cCREs	circle	6	50570057	50570210	6600ff
Repeats w/o cCREs	circle	6	50625606	50625752	6600ff
Repeats w/o cCREs	circle	6	51872767	51872878	6600ff
Repeats w/o cCREs	circle	6	54696427	54696539	6600ff
Repeats w/o cCREs	circle	6	57212185	57212329	6600ff
Repeats w/o cCREs	circle	6	57280688	57280842	6600ff
Repeats w/o cCREs	circle	6	57857345	57857489	6600ff
Repeats w/o cCREs	circle	6	5977919	5978154	6600ff
Repeats w/o cCREs	circle	6	61047274	61047391	6600ff
Repeats w/o cCREs	circle	6	67341793	67341926	6600ff
Repeats w/o cCREs	circle	6	67594789	67594956	6600ff
Repeats w/o cCREs	circle	6	68035588	68035732	6600ff
Repeats w/o cCREs	circle	6	68913436	68913589	6600ff
Repeats w/o cCREs	circle	6	69361537	69361684	6600ff
Repeats w/o cCREs	circle	6	69813036	69813190	6600ff
Repeats w/o cCREs	circle	6	72041325	72041459	6600ff
Repeats w/o cCREs	circle	6	74503479	74503618	6600ff
Repeats w/o cCREs	circle	6	76493839	76493923	6600ff
Repeats w/o cCREs	circle	6	7880089	7880260	6600ff
Repeats w/o cCREs	circle	6	85097673	85097847	6600ff
Repeats w/o cCREs	circle	6	86041086	86041226	6600ff
Repeats w/o cCREs	circle	6	87983290	87983452	6600ff
Repeats w/o cCREs	circle	6	88916837	88916974	6600ff
Repeats w/o cCREs	circle	6	89202875	89203030	6600ff
Repeats w/o cCREs	circle	6	89742299	89742429	6600ff
Repeats w/o cCREs	circle	6	89887580	89887715	6600ff
Repeats w/o cCREs	circle	6	89997349	89997479	6600ff
Repeats w/o cCREs	circle	6	91596389	91596523	6600ff
Repeats w/o cCREs	circle	6	96471143	96471335	6600ff
Repeats w/o cCREs	circle	6	99895856	99896007	6600ff
Repeats w/o cCREs	circle	7	102605993	102606123	6600ff
Repeats w/o cCREs	circle	7	102921485	102921653	6600ff
Repeats w/o cCREs	circle	7	102941074	102941242	6600ff
Repeats w/o cCREs	circle	7	103266178	103266325	6600ff
Repeats w/o cCREs	circle	7	103271447	103271582	6600ff
Repeats w/o cCREs	circle	7	103514682	103514850	6600ff
Repeats w/o cCREs	circle	7	103541051	103541226	6600ff
Repeats w/o cCREs	circle	7	104103062	104103220	6600ff
Repeats w/o cCREs	circle	7	104612603	104612808	6600ff
Repeats w/o cCREs	circle	7	104633370	104633581	6600ff
Repeats w/o cCREs	circle	7	10469661	10469801	6600ff
Repeats w/o cCREs	circle	7	105186795	105186950	6600ff
Repeats w/o cCREs	circle	7	10647259	10647406	6600ff
Repeats w/o cCREs	circle	7	10654585	10654759	6600ff
Repeats w/o cCREs	circle	7	10670220	10670412	6600ff
Repeats w/o cCREs	circle	7	106834854	106835020	6600ff
Repeats w/o cCREs	circle	7	107952772	107952880	6600ff
Repeats w/o cCREs	circle	7	107963394	107963603	6600ff
Repeats w/o cCREs	circle	7	108216074	108216238	6600ff
Repeats w/o cCREs	circle	7	108306017	108306253	6600ff
Repeats w/o cCREs	circle	7	108415857	108416007	6600ff
Repeats w/o cCREs	circle	7	108670374	108670543	6600ff
Repeats w/o cCREs	circle	7	108748341	108748500	6600ff
Repeats w/o cCREs	circle	7	108840975	108841192	6600ff
Repeats w/o cCREs	circle	7	108865230	108865363	6600ff
Repeats w/o cCREs	circle	7	109076236	109076430	6600ff
Repeats w/o cCREs	circle	7	110424190	110424392	6600ff
Repeats w/o cCREs	circle	7	110846613	110846714	6600ff
Repeats w/o cCREs	circle	7	111034567	111034721	6600ff
Repeats w/o cCREs	circle	7	113329134	113329235	6600ff
Repeats w/o cCREs	circle	7	11844289	11844455	6600ff
Repeats w/o cCREs	circle	7	119623241	119623347	6600ff
Repeats w/o cCREs	circle	7	119733161	119733289	6600ff
Repeats w/o cCREs	circle	7	119758148	119758310	6600ff
Repeats w/o cCREs	circle	7	120154889	120155021	6600ff
Repeats w/o cCREs	circle	7	12107507	12107651	6600ff
Repeats w/o cCREs	circle	7	12206552	12206711	6600ff
Repeats w/o cCREs	circle	7	122699066	122699268	6600ff
Repeats w/o cCREs	circle	7	12393607	12393719	6600ff
Repeats w/o cCREs	circle	7	12425152	12425295	6600ff
Repeats w/o cCREs	circle	7	125073876	125074023	6600ff
Repeats w/o cCREs	circle	7	125321121	125321240	6600ff
Repeats w/o cCREs	circle	7	127170746	127170856	6600ff
Repeats w/o cCREs	circle	7	12731268	12731386	6600ff
Repeats w/o cCREs	circle	7	128209188	128209346	6600ff
Repeats w/o cCREs	circle	7	128326918	128327088	6600ff
Repeats w/o cCREs	circle	7	13181233	13181376	6600ff
Repeats w/o cCREs	circle	7	13193575	13193713	6600ff
Repeats w/o cCREs	circle	7	13989633	13989839	6600ff
Repeats w/o cCREs	circle	7	14009614	14009780	6600ff
Repeats w/o cCREs	circle	7	140467463	140467636	6600ff
Repeats w/o cCREs	circle	7	140529010	140529236	6600ff
Repeats w/o cCREs	circle	7	140892126	140892294	6600ff
Repeats w/o cCREs	circle	7	141384842	141384944	6600ff
Repeats w/o cCREs	circle	7	14186759	14186930	6600ff
Repeats w/o cCREs	circle	7	141920231	141920373	6600ff
Repeats w/o cCREs	circle	7	142260511	142260686	6600ff
Repeats w/o cCREs	circle	7	142857953	142858081	6600ff
Repeats w/o cCREs	circle	7	17074784	17074903	6600ff
Repeats w/o cCREs	circle	7	18784506	18784661	6600ff
Repeats w/o cCREs	circle	7	18837883	18838002	6600ff
Repeats w/o cCREs	circle	7	19991923	19992060	6600ff
Repeats w/o cCREs	circle	7	24073469	24073584	6600ff
Repeats w/o cCREs	circle	7	24707268	24707414	6600ff
Repeats w/o cCREs	circle	7	25879368	25879531	6600ff
Repeats w/o cCREs	circle	7	26175717	26175863	6600ff
Repeats w/o cCREs	circle	7	26529093	26529245	6600ff
Repeats w/o cCREs	circle	7	26661135	26661245	6600ff
Repeats w/o cCREs	circle	7	26756754	26756878	6600ff
Repeats w/o cCREs	circle	7	29965687	29965828	6600ff
Repeats w/o cCREs	circle	7	33995929	33996093	6600ff
Repeats w/o cCREs	circle	7	33999038	33999256	6600ff
Repeats w/o cCREs	circle	7	36569035	36569193	6600ff
Repeats w/o cCREs	circle	7	38299112	38299228	6600ff
Repeats w/o cCREs	circle	7	39259985	39260159	6600ff
Repeats w/o cCREs	circle	7	39586137	39586308	6600ff
Repeats w/o cCREs	circle	7	3993700	3993840	6600ff
Repeats w/o cCREs	circle	7	40991842	40992002	6600ff
Repeats w/o cCREs	circle	7	41122978	41123124	6600ff
Repeats w/o cCREs	circle	7	41870017	41870157	6600ff
Repeats w/o cCREs	circle	7	43610259	43610393	6600ff
Repeats w/o cCREs	circle	7	44093439	44093577	6600ff
Repeats w/o cCREs	circle	7	46641670	46641791	6600ff
Repeats w/o cCREs	circle	7	47614096	47614278	6600ff
Repeats w/o cCREs	circle	7	47761738	47761886	6600ff
Repeats w/o cCREs	circle	7	4879796	4879913	6600ff
Repeats w/o cCREs	circle	7	51169519	51169636	6600ff
Repeats w/o cCREs	circle	7	5152445	5152630	6600ff
Repeats w/o cCREs	circle	7	51924921	51925039	6600ff
Repeats w/o cCREs	circle	7	5217627	5217780	6600ff
Repeats w/o cCREs	circle	7	5457376	5457520	6600ff
Repeats w/o cCREs	circle	7	59112127	59112302	6600ff
Repeats w/o cCREs	circle	7	59672987	59673212	6600ff
Repeats w/o cCREs	circle	7	59858741	59858921	6600ff
Repeats w/o cCREs	circle	7	59860937	59861143	6600ff
Repeats w/o cCREs	circle	7	59891303	59891526	6600ff
Repeats w/o cCREs	circle	7	6333665	6333806	6600ff
Repeats w/o cCREs	circle	7	63605734	63605890	6600ff
Repeats w/o cCREs	circle	7	6405643	6405821	6600ff
Repeats w/o cCREs	circle	7	66619645	66619889	6600ff
Repeats w/o cCREs	circle	7	66736522	66736666	6600ff
Repeats w/o cCREs	circle	7	67885142	67885319	6600ff
Repeats w/o cCREs	circle	7	68427359	68427557	6600ff
Repeats w/o cCREs	circle	7	7063205	7063408	6600ff
Repeats w/o cCREs	circle	7	73686701	73686862	6600ff
Repeats w/o cCREs	circle	7	81740120	81740249	6600ff
Repeats w/o cCREs	circle	7	85011188	85011401	6600ff
Repeats w/o cCREs	circle	7	85613941	85614184	6600ff
Repeats w/o cCREs	circle	7	85800906	85801098	6600ff
Repeats w/o cCREs	circle	7	89831689	89831847	6600ff
Repeats w/o cCREs	circle	7	90996657	90996752	6600ff
Repeats w/o cCREs	circle	7	91561708	91561829	6600ff
Repeats w/o cCREs	circle	7	92560521	92560688	6600ff
Repeats w/o cCREs	circle	7	96861751	96861877	6600ff
Repeats w/o cCREs	circle	7	98731647	98731791	6600ff
Repeats w/o cCREs	circle	8	104653149	104653385	6600ff
Repeats w/o cCREs	circle	8	104829614	104829756	6600ff
Repeats w/o cCREs	circle	8	105112163	105112286	6600ff
Repeats w/o cCREs	circle	8	10898104	10898290	6600ff
Repeats w/o cCREs	circle	8	114437292	114437402	6600ff
Repeats w/o cCREs	circle	8	116488127	116488293	6600ff
Repeats w/o cCREs	circle	8	117093251	117093421	6600ff
Repeats w/o cCREs	circle	8	124359847	124359955	6600ff
Repeats w/o cCREs	circle	8	127038362	127038474	6600ff
Repeats w/o cCREs	circle	8	128769045	128769262	6600ff
Repeats w/o cCREs	circle	8	13103297	13103449	6600ff
Repeats w/o cCREs	circle	8	13748568	13748719	6600ff
Repeats w/o cCREs	circle	8	15101870	15102018	6600ff
Repeats w/o cCREs	circle	8	15409198	15409412	6600ff
Repeats w/o cCREs	circle	8	18905712	18905840	6600ff
Repeats w/o cCREs	circle	8	18993969	18994144	6600ff
Repeats w/o cCREs	circle	8	19155357	19155538	6600ff
Repeats w/o cCREs	circle	8	24861055	24861176	6600ff
Repeats w/o cCREs	circle	8	25455554	25455701	6600ff
Repeats w/o cCREs	circle	8	26822301	26822445	6600ff
Repeats w/o cCREs	circle	8	28185513	28185644	6600ff
Repeats w/o cCREs	circle	8	43575849	43575995	6600ff
Repeats w/o cCREs	circle	8	4721637	4721761	6600ff
Repeats w/o cCREs	circle	8	52082033	52082168	6600ff
Repeats w/o cCREs	circle	8	55041969	55042128	6600ff
Repeats w/o cCREs	circle	8	60791746	60791907	6600ff
Repeats w/o cCREs	circle	8	61026676	61026806	6600ff
Repeats w/o cCREs	circle	8	63108267	63108380	6600ff
Repeats w/o cCREs	circle	8	6439425	6439651	6600ff
Repeats w/o cCREs	circle	8	65184586	65184700	6600ff
Repeats w/o cCREs	circle	8	71641157	71641248	6600ff
Repeats w/o cCREs	circle	8	73095805	73095969	6600ff
Repeats w/o cCREs	circle	8	7519851	7519948	6600ff
Repeats w/o cCREs	circle	8	75385597	75385734	6600ff
Repeats w/o cCREs	circle	8	75397979	75398121	6600ff
Repeats w/o cCREs	circle	8	79494748	79494918	6600ff
Repeats w/o cCREs	circle	8	90792498	90792607	6600ff
Repeats w/o cCREs	circle	8	91475220	91475399	6600ff
Repeats w/o cCREs	circle	8	93051024	93051161	6600ff
Repeats w/o cCREs	circle	8	93082749	93082906	6600ff
Repeats w/o cCREs	circle	8	93168709	93168849	6600ff
Repeats w/o cCREs	circle	8	93257395	93257566	6600ff
Repeats w/o cCREs	circle	8	93505472	93505718	6600ff
Repeats w/o cCREs	circle	8	95371268	95371383	6600ff
Repeats w/o cCREs	circle	8	96510480	96510639	6600ff
Repeats w/o cCREs	circle	9	101150424	101150604	6600ff
Repeats w/o cCREs	circle	9	101391498	101391656	6600ff
Repeats w/o cCREs	circle	9	102172037	102172177	6600ff
Repeats w/o cCREs	circle	9	102555276	102555384	6600ff
Repeats w/o cCREs	circle	9	105560005	105560118	6600ff
Repeats w/o cCREs	circle	9	105999965	106000129	6600ff
Repeats w/o cCREs	circle	9	110971487	110971718	6600ff
Repeats w/o cCREs	circle	9	118838079	118838181	6600ff
Repeats w/o cCREs	circle	9	121588039	121588162	6600ff
Repeats w/o cCREs	circle	9	122868685	122868885	6600ff
Repeats w/o cCREs	circle	9	122883491	122883601	6600ff
Repeats w/o cCREs	circle	9	14734035	14734170	6600ff
Repeats w/o cCREs	circle	9	18098312	18098447	6600ff
Repeats w/o cCREs	circle	9	19252554	19252686	6600ff
Repeats w/o cCREs	circle	9	19379122	19379263	6600ff
Repeats w/o cCREs	circle	9	20311729	20311853	6600ff
Repeats w/o cCREs	circle	9	33162337	33162508	6600ff
Repeats w/o cCREs	circle	9	3395357	3395586	6600ff
Repeats w/o cCREs	circle	9	35648901	35649044	6600ff
Repeats w/o cCREs	circle	9	35844798	35844938	6600ff
Repeats w/o cCREs	circle	9	36130074	36130223	6600ff
Repeats w/o cCREs	circle	9	36670695	36670924	6600ff
Repeats w/o cCREs	circle	9	39189391	39189568	6600ff
Repeats w/o cCREs	circle	9	39835097	39835277	6600ff
Repeats w/o cCREs	circle	9	52404048	52404172	6600ff
Repeats w/o cCREs	circle	9	70928642	70928774	6600ff
Repeats w/o cCREs	circle	9	71826997	71827184	6600ff
Repeats w/o cCREs	circle	9	76824329	76824473	6600ff
Repeats w/o cCREs	circle	9	76988474	76988651	6600ff
Repeats w/o cCREs	circle	9	83178726	83178854	6600ff
Repeats w/o cCREs	circle	9	83411473	83411636	6600ff
Repeats w/o cCREs	circle	9	84384588	84384804	6600ff
Repeats w/o cCREs	circle	9	85770701	85770850	6600ff
Repeats w/o cCREs	circle	9	88144496	88144632	6600ff
Repeats w/o cCREs	circle	9	88824719	88824836	6600ff
Repeats w/o cCREs	circle	9	92715098	92715247	6600ff
Repeats w/o cCREs	circle	9	95424055	95424182	6600ff
Repeats w/o cCREs	circle	X	102723519	102723665	6600ff
Repeats w/o cCREs	circle	X	116898492	116898641	6600ff
Repeats w/o cCREs	circle	X	118123582	118123741	6600ff
Repeats w/o cCREs	circle	X	11851481	11851587	6600ff
Repeats w/o cCREs	circle	X	120177210	120177422	6600ff
Repeats w/o cCREs	circle	X	127448000	127448143	6600ff
Repeats w/o cCREs	circle	X	135595499	135595621	6600ff
Repeats w/o cCREs	circle	X	137643596	137643733	6600ff
Repeats w/o cCREs	circle	X	142487454	142487573	6600ff
Repeats w/o cCREs	circle	X	145161432	145161556	6600ff
Repeats w/o cCREs	circle	X	146296068	146296232	6600ff
Repeats w/o cCREs	circle	X	148958577	148958708	6600ff
Repeats w/o cCREs	circle	X	14957251	14957418	6600ff
Repeats w/o cCREs	circle	X	151310248	151310468	6600ff
Repeats w/o cCREs	circle	X	164863838	164863968	6600ff
Repeats w/o cCREs	circle	X	33281834	33282045	6600ff
Repeats w/o cCREs	circle	X	46775368	46775497	6600ff
Repeats w/o cCREs	circle	X	50571556	50571699	6600ff
Repeats w/o cCREs	circle	X	51213079	51213213	6600ff
Repeats w/o cCREs	circle	X	53271989	53272127	6600ff
Repeats w/o cCREs	circle	X	53778594	53778758	6600ff
Repeats w/o cCREs	circle	X	65087349	65087452	6600ff
Repeats w/o cCREs	circle	X	71970833	71970988	6600ff
Repeats w/o cCREs	circle	X	74485944	74486061	6600ff
Repeats w/o cCREs	circle	X	74533892	74534014	6600ff
Repeats w/o cCREs	circle	X	75164534	75164678	6600ff
Repeats w/o cCREs	circle	X	76196235	76196353	6600ff
Repeats w/o cCREs	circle	X	76736585	76736730	6600ff
Repeats w/o cCREs	circle	X	81823022	81823198	6600ff
Repeats w/o cCREs	circle	X	8592643	8592839	6600ff
Repeats w/o cCREs	circle	Y	2444834	2444972	6600ff
cCREs w/o Repeats	circle	10	115586688	115586793	ff6600
cCREs w/o Repeats	circle	10	116474584	116474746	ff6600
cCREs w/o Repeats	circle	10	127058891	127058991	ff6600
cCREs w/o Repeats	circle	10	127081430	127081539	ff6600
cCREs w/o Repeats	circle	10	128913522	128913654	ff6600
cCREs w/o Repeats	circle	10	130470745	130470894	ff6600
cCREs w/o Repeats	circle	10	18545539	18545662	ff6600
cCREs w/o Repeats	circle	10	18845613	18845744	ff6600
cCREs w/o Repeats	circle	10	29535319	29535463	ff6600
cCREs w/o Repeats	circle	10	30843291	30843376	ff6600
cCREs w/o Repeats	circle	10	42583872	42583932	ff6600
cCREs w/o Repeats	circle	10	58675912	58676017	ff6600
cCREs w/o Repeats	circle	10	60106119	60106214	ff6600
cCREs w/o Repeats	circle	10	71158759	71158885	ff6600
cCREs w/o Repeats	circle	10	84755835	84755965	ff6600
cCREs w/o Repeats	circle	10	90829924	90830035	ff6600
cCREs w/o Repeats	circle	11	115806167	115806277	ff6600
cCREs w/o Repeats	circle	11	116109372	116109498	ff6600
cCREs w/o Repeats	circle	11	116146172	116146306	ff6600
cCREs w/o Repeats	circle	11	116531687	116531783	ff6600
cCREs w/o Repeats	circle	11	117484066	117484190	ff6600
cCREs w/o Repeats	circle	11	118354333	118354435	ff6600
cCREs w/o Repeats	circle	11	118793510	118793635	ff6600
cCREs w/o Repeats	circle	11	119042360	119042519	ff6600
cCREs w/o Repeats	circle	11	119227788	119227903	ff6600
cCREs w/o Repeats	circle	11	119938067	119938155	ff6600
cCREs w/o Repeats	circle	11	119942013	119942166	ff6600
cCREs w/o Repeats	circle	11	12025142	12025286	ff6600
cCREs w/o Repeats	circle	11	19008427	19008615	ff6600
cCREs w/o Repeats	circle	11	30025532	30025648	ff6600
cCREs w/o Repeats	circle	11	33200706	33200823	ff6600
cCREs w/o Repeats	circle	11	3536361	3536461	ff6600
cCREs w/o Repeats	circle	11	50231319	50231401	ff6600
cCREs w/o Repeats	circle	11	52282292	52282389	ff6600
cCREs w/o Repeats	circle	11	57829350	57829450	ff6600
cCREs w/o Repeats	circle	11	58999504	58999653	ff6600
cCREs w/o Repeats	circle	11	59307372	59307527	ff6600
cCREs w/o Repeats	circle	11	61957361	61957503	ff6600
cCREs w/o Repeats	circle	11	67922649	67922784	ff6600
cCREs w/o Repeats	circle	11	79678108	79678257	ff6600
cCREs w/o Repeats	circle	11	82387191	82387280	ff6600
cCREs w/o Repeats	circle	11	82929891	82930040	ff6600
cCREs w/o Repeats	circle	11	87578210	87578324	ff6600
cCREs w/o Repeats	circle	11	90390458	90390595	ff6600
cCREs w/o Repeats	circle	11	9047535	9047680	ff6600
cCREs w/o Repeats	circle	11	96290995	96291144	ff6600
cCREs w/o Repeats	circle	11	96301467	96301593	ff6600
cCREs w/o Repeats	circle	11	96305299	96305379	ff6600
cCREs w/o Repeats	circle	11	96314656	96314771	ff6600
cCREs w/o Repeats	circle	11	98448275	98448406	ff6600
cCREs w/o Repeats	circle	12	101717747	101717894	ff6600
cCREs w/o Repeats	circle	12	106956048	106956256	ff6600
cCREs w/o Repeats	circle	12	109613332	109613462	ff6600
cCREs w/o Repeats	circle	12	111445127	111445249	ff6600
cCREs w/o Repeats	circle	12	115993792	115993951	ff6600
cCREs w/o Repeats	circle	12	14152370	14152487	ff6600
cCREs w/o Repeats	circle	12	46818778	46818909	ff6600
cCREs w/o Repeats	circle	12	53253331	53253459	ff6600
cCREs w/o Repeats	circle	12	56536952	56537065	ff6600
cCREs w/o Repeats	circle	12	73047111	73047228	ff6600
cCREs w/o Repeats	circle	12	80760737	80760892	ff6600
cCREs w/o Repeats	circle	12	86422895	86423018	ff6600
cCREs w/o Repeats	circle	13	112988519	112988627	ff6600
cCREs w/o Repeats	circle	13	114457687	114457826	ff6600
cCREs w/o Repeats	circle	13	116310258	116310382	ff6600
cCREs w/o Repeats	circle	13	14523263	14523395	ff6600
cCREs w/o Repeats	circle	13	31806804	31806900	ff6600
cCREs w/o Repeats	circle	13	36461424	36461581	ff6600
cCREs w/o Repeats	circle	13	36578462	36578599	ff6600
cCREs w/o Repeats	circle	13	40730384	40730528	ff6600
cCREs w/o Repeats	circle	13	41079772	41080004	ff6600
cCREs w/o Repeats	circle	13	51569302	51569425	ff6600
cCREs w/o Repeats	circle	13	55005952	55006058	ff6600
cCREs w/o Repeats	circle	13	60601681	60601773	ff6600
cCREs w/o Repeats	circle	13	72632140	72632254	ff6600
cCREs w/o Repeats	circle	13	73263073	73263164	ff6600
cCREs w/o Repeats	circle	13	9276141	9276295	ff6600
cCREs w/o Repeats	circle	13	94875616	94875747	ff6600
cCREs w/o Repeats	circle	13	95222294	95222395	ff6600
cCREs w/o Repeats	circle	14	104466868	104466992	ff6600
cCREs w/o Repeats	circle	14	111674998	111675135	ff6600
cCREs w/o Repeats	circle	14	122479306	122479523	ff6600
cCREs w/o Repeats	circle	14	21991094	21991172	ff6600
cCREs w/o Repeats	circle	14	28505623	28505735	ff6600
cCREs w/o Repeats	circle	14	34374844	34374984	ff6600
cCREs w/o Repeats	circle	14	48665226	48665343	ff6600
cCREs w/o Repeats	circle	14	52009840	52009923	ff6600
cCREs w/o Repeats	circle	14	56364489	56364668	ff6600
cCREs w/o Repeats	circle	14	61172267	61172407	ff6600
cCREs w/o Repeats	circle	14	70204887	70204969	ff6600
cCREs w/o Repeats	circle	14	70555181	70555303	ff6600
cCREs w/o Repeats	circle	14	70890725	70890876	ff6600
cCREs w/o Repeats	circle	15	101369737	101369852	ff6600
cCREs w/o Repeats	circle	15	102244722	102244836	ff6600
cCREs w/o Repeats	circle	15	102976206	102976330	ff6600
cCREs w/o Repeats	circle	15	103036025	103036129	ff6600
cCREs w/o Repeats	circle	15	103061763	103061882	ff6600
cCREs w/o Repeats	circle	15	103169359	103169434	ff6600
cCREs w/o Repeats	circle	15	103538210	103538389	ff6600
cCREs w/o Repeats	circle	15	11906432	11906538	ff6600
cCREs w/o Repeats	circle	15	13172876	13172983	ff6600
cCREs w/o Repeats	circle	15	3582772	3582928	ff6600
cCREs w/o Repeats	circle	15	37233451	37233588	ff6600
cCREs w/o Repeats	circle	15	73055459	73055661	ff6600
cCREs w/o Repeats	circle	15	73840618	73840781	ff6600
cCREs w/o Repeats	circle	15	75714961	75715064	ff6600
cCREs w/o Repeats	circle	15	75746295	75746405	ff6600
cCREs w/o Repeats	circle	15	75887316	75887431	ff6600
cCREs w/o Repeats	circle	15	80287826	80287922	ff6600
cCREs w/o Repeats	circle	15	82275915	82276011	ff6600
cCREs w/o Repeats	circle	15	89059598	89059697	ff6600
cCREs w/o Repeats	circle	15	89500835	89500956	ff6600
cCREs w/o Repeats	circle	15	98893598	98893702	ff6600
cCREs w/o Repeats	circle	16	13448772	13448913	ff6600
cCREs w/o Repeats	circle	16	18088627	18088751	ff6600
cCREs w/o Repeats	circle	16	18349125	18349244	ff6600
cCREs w/o Repeats	circle	16	18586143	18586264	ff6600
cCREs w/o Repeats	circle	16	78302489	78302584	ff6600
cCREs w/o Repeats	circle	16	8425277	8425458	ff6600
cCREs w/o Repeats	circle	16	85900495	85900625	ff6600
cCREs w/o Repeats	circle	16	94083777	94083856	ff6600
cCREs w/o Repeats	circle	17	14203960	14204106	ff6600
cCREs w/o Repeats	circle	17	14280266	14280415	ff6600
cCREs w/o Repeats	circle	17	24360369	24360501	ff6600
cCREs w/o Repeats	circle	17	25254159	25254252	ff6600
cCREs w/o Repeats	circle	17	25475056	25475208	ff6600
cCREs w/o Repeats	circle	17	26201652	26201718	ff6600
cCREs w/o Repeats	circle	17	27702384	27702551	ff6600
cCREs w/o Repeats	circle	17	28007761	28007862	ff6600
cCREs w/o Repeats	circle	17	28143179	28143327	ff6600
cCREs w/o Repeats	circle	17	32166552	32166638	ff6600
cCREs w/o Repeats	circle	17	34956832	34956979	ff6600
cCREs w/o Repeats	circle	17	47833536	47833650	ff6600
cCREs w/o Repeats	circle	17	56412944	56413083	ff6600
cCREs w/o Repeats	circle	17	62880473	62880586	ff6600
cCREs w/o Repeats	circle	17	81670746	81670851	ff6600
cCREs w/o Repeats	circle	17	85617008	85617117	ff6600
cCREs w/o Repeats	circle	18	11059294	11059424	ff6600
cCREs w/o Repeats	circle	18	13970990	13971123	ff6600
cCREs w/o Repeats	circle	18	31445551	31445704	ff6600
cCREs w/o Repeats	circle	18	31938849	31938990	ff6600
cCREs w/o Repeats	circle	18	35830918	35831004	ff6600
cCREs w/o Repeats	circle	18	47368454	47368586	ff6600
cCREs w/o Repeats	circle	18	53246075	53246275	ff6600
cCREs w/o Repeats	circle	18	64339749	64339835	ff6600
cCREs w/o Repeats	circle	18	65934627	65934737	ff6600
cCREs w/o Repeats	circle	18	77714801	77714927	ff6600
cCREs w/o Repeats	circle	18	80046437	80046564	ff6600
cCREs w/o Repeats	circle	18	80974666	80974766	ff6600
cCREs w/o Repeats	circle	18	84838210	84838412	ff6600
cCREs w/o Repeats	circle	19	17138012	17138217	ff6600
cCREs w/o Repeats	circle	19	25506970	25507106	ff6600
cCREs w/o Repeats	circle	19	25609773	25609973	ff6600
cCREs w/o Repeats	circle	19	30539798	30539927	ff6600
cCREs w/o Repeats	circle	19	37233446	37233613	ff6600
cCREs w/o Repeats	circle	19	44758711	44758843	ff6600
cCREs w/o Repeats	circle	19	45016565	45016659	ff6600
cCREs w/o Repeats	circle	19	45029456	45029586	ff6600
cCREs w/o Repeats	circle	19	5746100	5746233	ff6600
cCREs w/o Repeats	circle	19	59168872	59168992	ff6600
cCREs w/o Repeats	circle	19	6447702	6447863	ff6600
cCREs w/o Repeats	circle	19	6530783	6530973	ff6600
cCREs w/o Repeats	circle	19	7105515	7105647	ff6600
cCREs w/o Repeats	circle	19	7266262	7266363	ff6600
cCREs w/o Repeats	circle	1	130192977	130193131	ff6600
cCREs w/o Repeats	circle	1	132139250	132139319	ff6600
cCREs w/o Repeats	circle	1	132191133	132191275	ff6600
cCREs w/o Repeats	circle	1	135585572	135585651	ff6600
cCREs w/o Repeats	circle	1	146498261	146498417	ff6600
cCREs w/o Repeats	circle	1	155212816	155212946	ff6600
cCREs w/o Repeats	circle	1	161142445	161142569	ff6600
cCREs w/o Repeats	circle	1	164899446	164899566	ff6600
cCREs w/o Repeats	circle	1	166253664	166253778	ff6600
cCREs w/o Repeats	circle	1	189343093	189343317	ff6600
cCREs w/o Repeats	circle	1	33906744	33906946	ff6600
cCREs w/o Repeats	circle	1	36556324	36556460	ff6600
cCREs w/o Repeats	circle	1	64734495	64734644	ff6600
cCREs w/o Repeats	circle	1	74793113	74793358	ff6600
cCREs w/o Repeats	circle	1	87184648	87184792	ff6600
cCREs w/o Repeats	circle	1	89071271	89071443	ff6600
cCREs w/o Repeats	circle	1	90202043	90202162	ff6600
cCREs w/o Repeats	circle	1	92830952	92831078	ff6600
cCREs w/o Repeats	circle	2	104410983	104411105	ff6600
cCREs w/o Repeats	circle	2	119323571	119323810	ff6600
cCREs w/o Repeats	circle	2	130576975	130577081	ff6600
cCREs w/o Repeats	circle	2	137115048	137115125	ff6600
cCREs w/o Repeats	circle	2	143546312	143546437	ff6600
cCREs w/o Repeats	circle	2	157558352	157558479	ff6600
cCREs w/o Repeats	circle	2	158228670	158228763	ff6600
cCREs w/o Repeats	circle	2	163225808	163225934	ff6600
cCREs w/o Repeats	circle	2	164389369	164389479	ff6600
cCREs w/o Repeats	circle	2	167988768	167988870	ff6600
cCREs w/o Repeats	circle	2	168766211	168766314	ff6600
cCREs w/o Repeats	circle	2	172548497	172548638	ff6600
cCREs w/o Repeats	circle	2	172938157	172938278	ff6600
cCREs w/o Repeats	circle	2	174126894	174127004	ff6600
cCREs w/o Repeats	circle	2	174297702	174297817	ff6600
cCREs w/o Repeats	circle	2	178142042	178142169	ff6600
cCREs w/o Repeats	circle	2	180099410	180099535	ff6600
cCREs w/o Repeats	circle	2	181039591	181039696	ff6600
cCREs w/o Repeats	circle	2	25289491	25289690	ff6600
cCREs w/o Repeats	circle	2	25291035	25291237	ff6600
cCREs w/o Repeats	circle	2	28912712	28912900	ff6600
cCREs w/o Repeats	circle	2	30472551	30472683	ff6600
cCREs w/o Repeats	circle	2	33641374	33641494	ff6600
cCREs w/o Repeats	circle	2	38711231	38711443	ff6600
cCREs w/o Repeats	circle	2	70561803	70561950	ff6600
cCREs w/o Repeats	circle	2	71543382	71543602	ff6600
cCREs w/o Repeats	circle	2	73272092	73272220	ff6600
cCREs w/o Repeats	circle	2	74697299	74697418	ff6600
cCREs w/o Repeats	circle	2	91255640	91255745	ff6600
cCREs w/o Repeats	circle	2	93226492	93226606	ff6600
cCREs w/o Repeats	circle	2	94242824	94242943	ff6600
cCREs w/o Repeats	circle	3	108537121	108537269	ff6600
cCREs w/o Repeats	circle	3	122072886	122073007	ff6600
cCREs w/o Repeats	circle	3	122620238	122620341	ff6600
cCREs w/o Repeats	circle	3	129224444	129224529	ff6600
cCREs w/o Repeats	circle	3	134236044	134236140	ff6600
cCREs w/o Repeats	circle	3	152666825	152666957	ff6600
cCREs w/o Repeats	circle	3	157566499	157566655	ff6600
cCREs w/o Repeats	circle	3	34641007	34641117	ff6600
cCREs w/o Repeats	circle	3	66220342	66220500	ff6600
cCREs w/o Repeats	circle	3	83764654	83764779	ff6600
cCREs w/o Repeats	circle	3	84259012	84259130	ff6600
cCREs w/o Repeats	circle	3	8510615	8510722	ff6600
cCREs w/o Repeats	circle	3	8664217	8664421	ff6600
cCREs w/o Repeats	circle	3	87795423	87795509	ff6600
cCREs w/o Repeats	circle	3	89387993	89388163	ff6600
cCREs w/o Repeats	circle	3	94399148	94399295	ff6600
cCREs w/o Repeats	circle	3	94757379	94757465	ff6600
cCREs w/o Repeats	circle	3	95163929	95164032	ff6600
cCREs w/o Repeats	circle	4	119248297	119248424	ff6600
cCREs w/o Repeats	circle	4	124659114	124659232	ff6600
cCREs w/o Repeats	circle	4	127987935	127988032	ff6600
cCREs w/o Repeats	circle	4	133039796	133039924	ff6600
cCREs w/o Repeats	circle	4	134250065	134250170	ff6600
cCREs w/o Repeats	circle	4	136833899	136834096	ff6600
cCREs w/o Repeats	circle	4	138457044	138457211	ff6600
cCREs w/o Repeats	circle	4	140244789	140244910	ff6600
cCREs w/o Repeats	circle	4	140581165	140581311	ff6600
cCREs w/o Repeats	circle	4	141423254	141423352	ff6600
cCREs w/o Repeats	circle	4	149564731	149564856	ff6600
cCREs w/o Repeats	circle	4	154637277	154637364	ff6600
cCREs w/o Repeats	circle	4	155360742	155360909	ff6600
cCREs w/o Repeats	circle	4	32984065	32984197	ff6600
cCREs w/o Repeats	circle	4	48048785	48048870	ff6600
cCREs w/o Repeats	circle	4	55531993	55532130	ff6600
cCREs w/o Repeats	circle	4	91400317	91400437	ff6600
cCREs w/o Repeats	circle	4	9668226	9668416	ff6600
cCREs w/o Repeats	circle	4	98322712	98322859	ff6600
cCREs w/o Repeats	circle	4	99655620	99655770	ff6600
cCREs w/o Repeats	circle	5	106469456	106469578	ff6600
cCREs w/o Repeats	circle	5	111416296	111416499	ff6600
cCREs w/o Repeats	circle	5	116288790	116288930	ff6600
cCREs w/o Repeats	circle	5	119671197	119671278	ff6600
cCREs w/o Repeats	circle	5	119804963	119805064	ff6600
cCREs w/o Repeats	circle	5	121009154	121009267	ff6600
cCREs w/o Repeats	circle	5	122048922	122049062	ff6600
cCREs w/o Repeats	circle	5	132541994	132542062	ff6600
cCREs w/o Repeats	circle	5	132544099	132544186	ff6600
cCREs w/o Repeats	circle	5	137624609	137624725	ff6600
cCREs w/o Repeats	circle	5	139422883	139423013	ff6600
cCREs w/o Repeats	circle	5	144547724	144547961	ff6600
cCREs w/o Repeats	circle	5	147726684	147726795	ff6600
cCREs w/o Repeats	circle	5	28210442	28210609	ff6600
cCREs w/o Repeats	circle	5	33431900	33432017	ff6600
cCREs w/o Repeats	circle	5	33723509	33723604	ff6600
cCREs w/o Repeats	circle	5	34326721	34326840	ff6600
cCREs w/o Repeats	circle	5	35073790	35073888	ff6600
cCREs w/o Repeats	circle	5	35392792	35392908	ff6600
cCREs w/o Repeats	circle	5	37241487	37241582	ff6600
cCREs w/o Repeats	circle	5	52566567	52566675	ff6600
cCREs w/o Repeats	circle	5	5748859	5748976	ff6600
cCREs w/o Repeats	circle	5	57717600	57717707	ff6600
cCREs w/o Repeats	circle	5	57718838	57718933	ff6600
cCREs w/o Repeats	circle	5	72587720	72587955	ff6600
cCREs w/o Repeats	circle	5	81020193	81020279	ff6600
cCREs w/o Repeats	circle	6	112491219	112491411	ff6600
cCREs w/o Repeats	circle	6	114397537	114397654	ff6600
cCREs w/o Repeats	circle	6	13839169	13839288	ff6600
cCREs w/o Repeats	circle	6	141250624	141250715	ff6600
cCREs w/o Repeats	circle	6	34709699	34709812	ff6600
cCREs w/o Repeats	circle	6	39871203	39871322	ff6600
cCREs w/o Repeats	circle	6	48487390	48487542	ff6600
cCREs w/o Repeats	circle	6	4904042	4904171	ff6600
cCREs w/o Repeats	circle	6	50597192	50597327	ff6600
cCREs w/o Repeats	circle	6	6863135	6863299	ff6600
cCREs w/o Repeats	circle	6	6872207	6872322	ff6600
cCREs w/o Repeats	circle	6	72234222	72234337	ff6600
cCREs w/o Repeats	circle	6	84585837	84585917	ff6600
cCREs w/o Repeats	circle	6	91409791	91409907	ff6600
cCREs w/o Repeats	circle	6	94283322	94283413	ff6600
cCREs w/o Repeats	circle	6	94604059	94604165	ff6600
cCREs w/o Repeats	circle	6	99522363	99522490	ff6600
cCREs w/o Repeats	circle	7	118993722	118993897	ff6600
cCREs w/o Repeats	circle	7	131556081	131556225	ff6600
cCREs w/o Repeats	circle	7	132660186	132660335	ff6600
cCREs w/o Repeats	circle	7	135853852	135854022	ff6600
cCREs w/o Repeats	circle	7	138941586	138941706	ff6600
cCREs w/o Repeats	circle	7	139298776	139298876	ff6600
cCREs w/o Repeats	circle	7	139833790	139833914	ff6600
cCREs w/o Repeats	circle	7	142437738	142437870	ff6600
cCREs w/o Repeats	circle	7	142578468	142578571	ff6600
cCREs w/o Repeats	circle	7	142660409	142660528	ff6600
cCREs w/o Repeats	circle	7	144449986	144450101	ff6600
cCREs w/o Repeats	circle	7	25150681	25150811	ff6600
cCREs w/o Repeats	circle	7	25179476	25179583	ff6600
cCREs w/o Repeats	circle	7	27332068	27332209	ff6600
cCREs w/o Repeats	circle	7	29316838	29316945	ff6600
cCREs w/o Repeats	circle	7	30353739	30353923	ff6600
cCREs w/o Repeats	circle	7	31116482	31116593	ff6600
cCREs w/o Repeats	circle	7	36696203	36696403	ff6600
cCREs w/o Repeats	circle	7	37769385	37769488	ff6600
cCREs w/o Repeats	circle	7	44430557	44430651	ff6600
cCREs w/o Repeats	circle	7	44593522	44593649	ff6600
cCREs w/o Repeats	circle	7	45334103	45334297	ff6600
cCREs w/o Repeats	circle	7	46395980	46396163	ff6600
cCREs w/o Repeats	circle	7	66428180	66428332	ff6600
cCREs w/o Repeats	circle	7	67443592	67443703	ff6600
cCREs w/o Repeats	circle	7	67952745	67952873	ff6600
cCREs w/o Repeats	circle	7	70359218	70359330	ff6600
cCREs w/o Repeats	circle	7	73375034	73375170	ff6600
cCREs w/o Repeats	circle	7	78579444	78579569	ff6600
cCREs w/o Repeats	circle	7	79506325	79506430	ff6600
cCREs w/o Repeats	circle	7	79535419	79535505	ff6600
cCREs w/o Repeats	circle	8	121115813	121116004	ff6600
cCREs w/o Repeats	circle	8	121127680	121127846	ff6600
cCREs w/o Repeats	circle	8	121730517	121730625	ff6600
cCREs w/o Repeats	circle	8	122280868	122281020	ff6600
cCREs w/o Repeats	circle	8	123654597	123654760	ff6600
cCREs w/o Repeats	circle	8	12384328	12384486	ff6600
cCREs w/o Repeats	circle	8	123891732	123891897	ff6600
cCREs w/o Repeats	circle	8	23150283	23150411	ff6600
cCREs w/o Repeats	circle	8	23411109	23411245	ff6600
cCREs w/o Repeats	circle	8	45068705	45068822	ff6600
cCREs w/o Repeats	circle	8	46292700	46292839	ff6600
cCREs w/o Repeats	circle	8	47289624	47289754	ff6600
cCREs w/o Repeats	circle	8	57321238	57321341	ff6600
cCREs w/o Repeats	circle	8	60632137	60632298	ff6600
cCREs w/o Repeats	circle	8	70490037	70490135	ff6600
cCREs w/o Repeats	circle	8	84012405	84012465	ff6600
cCREs w/o Repeats	circle	8	84414942	84415042	ff6600
cCREs w/o Repeats	circle	8	87959553	87959603	ff6600
cCREs w/o Repeats	circle	8	88520733	88520855	ff6600
cCREs w/o Repeats	circle	8	91805049	91805268	ff6600
cCREs w/o Repeats	circle	8	92355432	92355592	ff6600
cCREs w/o Repeats	circle	8	93811666	93811800	ff6600
cCREs w/o Repeats	circle	8	94532551	94532658	ff6600
cCREs w/o Repeats	circle	8	94986487	94986610	ff6600
cCREs w/o Repeats	circle	8	95702646	95702717	ff6600
cCREs w/o Repeats	circle	9	102355013	102355145	ff6600
cCREs w/o Repeats	circle	9	102726672	102726867	ff6600
cCREs w/o Repeats	circle	9	107505209	107505292	ff6600
cCREs w/o Repeats	circle	9	108825581	108825759	ff6600
cCREs w/o Repeats	circle	9	109096119	109096277	ff6600
cCREs w/o Repeats	circle	9	121493978	121494111	ff6600
cCREs w/o Repeats	circle	9	123259265	123259404	ff6600
cCREs w/o Repeats	circle	9	24974454	24974552	ff6600
cCREs w/o Repeats	circle	9	29412900	29413047	ff6600
cCREs w/o Repeats	circle	9	37433482	37433576	ff6600
cCREs w/o Repeats	circle	9	42944379	42944448	ff6600
cCREs w/o Repeats	circle	9	43744936	43745060	ff6600
cCREs w/o Repeats	circle	9	43748208	43748327	ff6600
cCREs w/o Repeats	circle	9	49798603	49798725	ff6600
cCREs w/o Repeats	circle	9	58489496	58489600	ff6600
cCREs w/o Repeats	circle	9	62026309	62026486	ff6600
cCREs w/o Repeats	circle	9	64021505	64021648	ff6600
cCREs w/o Repeats	circle	9	64386602	64386707	ff6600
cCREs w/o Repeats	circle	9	74869010	74869146	ff6600
cCREs w/o Repeats	circle	9	78378931	78379102	ff6600
cCREs w/o Repeats	circle	9	83805352	83805506	ff6600
cCREs w/o Repeats	circle	9	89908788	89908903	ff6600
cCREs w/o Repeats	circle	9	91382190	91382327	ff6600
cCREs w/o Repeats	circle	9	94539068	94539193	ff6600
cCREs w/o Repeats	circle	9	98957453	98957568	ff6600
cCREs w/o Repeats	circle	X	12126777	12126860	ff6600
cCREs w/o Repeats	circle	X	162643107	162643158	ff6600
cCREs w/o Repeats	circle	X	59567685	59567811	ff6600
cCREs w/o Repeats	circle	X	99137108	99137171	ff6600
